模型,策略,预见期,params,std_test_score,rank_test_score,mean_test_RMSE
ANN,多步直接预测,1,"{'alpha': 1e-05, 'hidden_layer_sizes': (128,), 'learning_rate_init': 0.01}",0.034470854753106746,1,0.43407967190884844
ANN,多步直接预测,1,"{'alpha': 0.0001, 'hidden_layer_sizes': (256, 128), 'learning_rate_init': 0.01}",0.02571736752489774,2,0.4374462621111723
ANN,多步直接预测,1,"{'alpha': 0.01, 'hidden_layer_sizes': (256, 128), 'learning_rate_init': 0.01}",0.03942877033071117,3,0.43896785510683944
ANN,多步直接预测,1,"{'alpha': 1e-05, 'hidden_layer_sizes': (256, 128), 'learning_rate_init': 0.01}",0.043203981411287375,4,0.4465244294269543
ANN,多步直接预测,1,"{'alpha': 1e-05, 'hidden_layer_sizes': (64,), 'learning_rate_init': 0.0005}",0.06701705437085193,5,0.4475265306642689
ANN,多步直接预测,1,"{'alpha': 0.0001, 'hidden_layer_sizes': (64,), 'learning_rate_init': 0.0005}",0.06594759102993762,6,0.44782706306341263
ANN,多步直接预测,1,"{'alpha': 0.0001, 'hidden_layer_sizes': (128,), 'learning_rate_init': 0.01}",0.024357944100771675,7,0.4482324030237603
ANN,多步直接预测,1,"{'alpha': 0.01, 'hidden_layer_sizes': (64,), 'learning_rate_init': 0.0005}",0.0690866787907031,8,0.45106278123380544
ANN,多步直接预测,1,"{'alpha': 0.01, 'hidden_layer_sizes': (128,), 'learning_rate_init': 0.0005}",0.07403264384596923,9,0.45130009349300176
ANN,多步直接预测,1,"{'alpha': 0.0001, 'hidden_layer_sizes': (128,), 'learning_rate_init': 0.0005}",0.07402775796425638,10,0.45270230093357017
ANN,多步直接预测,1,"{'alpha': 1e-05, 'hidden_layer_sizes': (128,), 'learning_rate_init': 0.0005}",0.07357586279786628,11,0.45345578186047275
ANN,多步直接预测,1,"{'alpha': 0.0001, 'hidden_layer_sizes': (128, 64), 'learning_rate_init': 0.01}",0.04939713834874339,12,0.4590401483172502
ANN,多步直接预测,1,"{'alpha': 0.0001, 'hidden_layer_sizes': (128, 64), 'learning_rate_init': 0.0005}",0.06073103174799507,13,0.45932536229868787
ANN,多步直接预测,1,"{'alpha': 0.0001, 'hidden_layer_sizes': (64,), 'learning_rate_init': 0.001}",0.07258424349497175,14,0.46028424146935487
ANN,多步直接预测,1,"{'alpha': 0.0001, 'hidden_layer_sizes': (128,), 'learning_rate_init': 0.001}",0.07230849253770394,15,0.4603712513897331
ANN,多步直接预测,1,"{'alpha': 0.01, 'hidden_layer_sizes': (64,), 'learning_rate_init': 0.001}",0.07267728373819798,16,0.46038809246077744
ANN,多步直接预测,1,"{'alpha': 0.01, 'hidden_layer_sizes': (128,), 'learning_rate_init': 0.001}",0.07182672979709337,17,0.46068449188886285
ANN,多步直接预测,1,"{'alpha': 0.01, 'hidden_layer_sizes': (256, 128), 'learning_rate_init': 0.001}",0.05363784916414588,18,0.46076138652607157
ANN,多步直接预测,1,"{'alpha': 1e-05, 'hidden_layer_sizes': (128,), 'learning_rate_init': 0.001}",0.07069789055527032,19,0.46087856992607446
ANN,多步直接预测,1,"{'alpha': 1e-05, 'hidden_layer_sizes': (64,), 'learning_rate_init': 0.001}",0.07390035067521812,20,0.46282878893392737
ANN,多步直接预测,1,"{'alpha': 0.01, 'hidden_layer_sizes': (128, 64), 'learning_rate_init': 0.0005}",0.06387960160694775,21,0.4631251781961463
ANN,多步直接预测,1,"{'alpha': 0.0001, 'hidden_layer_sizes': (256, 128), 'learning_rate_init': 0.001}",0.05237830203473443,22,0.46461967949336297
ANN,多步直接预测,1,"{'alpha': 1e-05, 'hidden_layer_sizes': (256, 128), 'learning_rate_init': 0.001}",0.05400040722369628,23,0.4671035044279905
ANN,多步直接预测,1,"{'alpha': 0.01, 'hidden_layer_sizes': (256, 128), 'learning_rate_init': 0.0005}",0.04674907132660678,24,0.46919562830254274
ANN,多步直接预测,1,"{'alpha': 1e-05, 'hidden_layer_sizes': (128, 64), 'learning_rate_init': 0.0005}",0.06348698156782856,25,0.46923833959048555
ANN,多步直接预测,1,"{'alpha': 0.01, 'hidden_layer_sizes': (128, 64), 'learning_rate_init': 0.001}",0.05530080398095483,26,0.4697596874190903
ANN,多步直接预测,1,"{'alpha': 0.01, 'hidden_layer_sizes': (128,), 'learning_rate_init': 0.01}",0.04960113486786707,27,0.470170516880017
ANN,多步直接预测,1,"{'alpha': 0.0001, 'hidden_layer_sizes': (128, 64), 'learning_rate_init': 0.001}",0.052971439554286626,28,0.47126803016120133
ANN,多步直接预测,1,"{'alpha': 1e-05, 'hidden_layer_sizes': (128, 64), 'learning_rate_init': 0.001}",0.058855286913089874,29,0.47164992055797544
ANN,多步直接预测,1,"{'alpha': 0.0001, 'hidden_layer_sizes': (256, 128), 'learning_rate_init': 0.0005}",0.05130902723885708,30,0.47306672416107093
ANN,多步直接预测,1,"{'alpha': 1e-05, 'hidden_layer_sizes': (256, 128), 'learning_rate_init': 0.0005}",0.05387446457591053,31,0.4784469262394912
ANN,多步直接预测,1,"{'alpha': 0.01, 'hidden_layer_sizes': (128, 64), 'learning_rate_init': 0.01}",0.0708919985973071,32,0.4888459102652048
ANN,多步直接预测,1,"{'alpha': 1e-05, 'hidden_layer_sizes': (128, 64), 'learning_rate_init': 0.01}",0.0679144420417194,33,0.49008553025328433
ANN,多步直接预测,1,"{'alpha': 0.01, 'hidden_layer_sizes': (64,), 'learning_rate_init': 0.01}",0.10522896086995515,34,0.4914324818214313
ANN,多步直接预测,1,"{'alpha': 0.0001, 'hidden_layer_sizes': (64,), 'learning_rate_init': 0.01}",0.09059295441126662,35,0.49743416340261143
ANN,多步直接预测,1,"{'alpha': 1e-05, 'hidden_layer_sizes': (64,), 'learning_rate_init': 0.01}",0.11129284538816508,36,0.5180172971490169
ANN,多步直接预测,2,"{'alpha': 0.01, 'hidden_layer_sizes': (128,), 'learning_rate_init': 0.01}",0.11704416184154973,1,0.6158493506404095
ANN,多步直接预测,2,"{'alpha': 0.01, 'hidden_layer_sizes': (128,), 'learning_rate_init': 0.0005}",0.10131448002612224,2,0.6187706185857195
ANN,多步直接预测,2,"{'alpha': 0.0001, 'hidden_layer_sizes': (128,), 'learning_rate_init': 0.01}",0.11268851258605536,3,0.6197505763003571
ANN,多步直接预测,2,"{'alpha': 1e-05, 'hidden_layer_sizes': (128,), 'learning_rate_init': 0.0005}",0.10793051246092256,4,0.621020868046779
ANN,多步直接预测,2,"{'alpha': 0.0001, 'hidden_layer_sizes': (64,), 'learning_rate_init': 0.0005}",0.10742939338660971,5,0.621759158532735
ANN,多步直接预测,2,"{'alpha': 1e-05, 'hidden_layer_sizes': (64,), 'learning_rate_init': 0.0005}",0.10823711715132198,6,0.6224665512789432
ANN,多步直接预测,2,"{'alpha': 1e-05, 'hidden_layer_sizes': (128,), 'learning_rate_init': 0.01}",0.11334505634047945,7,0.6230092708359234
ANN,多步直接预测,2,"{'alpha': 0.01, 'hidden_layer_sizes': (64,), 'learning_rate_init': 0.0005}",0.10917091838607054,8,0.6230458455722937
ANN,多步直接预测,2,"{'alpha': 0.0001, 'hidden_layer_sizes': (128,), 'learning_rate_init': 0.0005}",0.10453742347925583,9,0.6312727052024504
ANN,多步直接预测,2,"{'alpha': 1e-05, 'hidden_layer_sizes': (256, 128), 'learning_rate_init': 0.01}",0.12604478067814473,10,0.6360164165888055
ANN,多步直接预测,2,"{'alpha': 0.01, 'hidden_layer_sizes': (128,), 'learning_rate_init': 0.001}",0.12530716263559824,11,0.6377306316221675
ANN,多步直接预测,2,"{'alpha': 0.01, 'hidden_layer_sizes': (64,), 'learning_rate_init': 0.001}",0.09519344728634428,12,0.6411053237205233
ANN,多步直接预测,2,"{'alpha': 1e-05, 'hidden_layer_sizes': (64,), 'learning_rate_init': 0.001}",0.09471779545367151,13,0.647865294793928
ANN,多步直接预测,2,"{'alpha': 1e-05, 'hidden_layer_sizes': (128,), 'learning_rate_init': 0.001}",0.1409226245691848,14,0.6492716568693306
ANN,多步直接预测,2,"{'alpha': 0.0001, 'hidden_layer_sizes': (128,), 'learning_rate_init': 0.001}",0.14128352935222185,15,0.6495032193731668
ANN,多步直接预测,2,"{'alpha': 0.0001, 'hidden_layer_sizes': (64,), 'learning_rate_init': 0.001}",0.10785990085524114,16,0.6511268967052443
ANN,多步直接预测,2,"{'alpha': 0.0001, 'hidden_layer_sizes': (64,), 'learning_rate_init': 0.01}",0.13833014844974673,17,0.6556619391354752
ANN,多步直接预测,2,"{'alpha': 1e-05, 'hidden_layer_sizes': (128, 64), 'learning_rate_init': 0.01}",0.12238735517550536,18,0.6557945500417134
ANN,多步直接预测,2,"{'alpha': 0.01, 'hidden_layer_sizes': (128, 64), 'learning_rate_init': 0.01}",0.1332028983700479,19,0.6606548671198327
ANN,多步直接预测,2,"{'alpha': 0.01, 'hidden_layer_sizes': (128, 64), 'learning_rate_init': 0.0005}",0.12924830359134235,20,0.6673176444276406
ANN,多步直接预测,2,"{'alpha': 1e-05, 'hidden_layer_sizes': (64,), 'learning_rate_init': 0.01}",0.14062205224869662,21,0.6710822350190372
ANN,多步直接预测,2,"{'alpha': 0.0001, 'hidden_layer_sizes': (256, 128), 'learning_rate_init': 0.0005}",0.13389022044569074,22,0.678295490240927
ANN,多步直接预测,2,"{'alpha': 0.01, 'hidden_layer_sizes': (256, 128), 'learning_rate_init': 0.0005}",0.12426917761012693,23,0.6791982490389072
ANN,多步直接预测,2,"{'alpha': 0.0001, 'hidden_layer_sizes': (128, 64), 'learning_rate_init': 0.0005}",0.14002500303284968,24,0.6811895339912993
ANN,多步直接预测,2,"{'alpha': 0.01, 'hidden_layer_sizes': (64,), 'learning_rate_init': 0.01}",0.12454255875067377,25,0.6827646840534308
ANN,多步直接预测,2,"{'alpha': 1e-05, 'hidden_layer_sizes': (256, 128), 'learning_rate_init': 0.0005}",0.12627547760361982,26,0.6849133344993704
ANN,多步直接预测,2,"{'alpha': 0.0001, 'hidden_layer_sizes': (128, 64), 'learning_rate_init': 0.01}",0.12660094474124223,27,0.6906359592116958
ANN,多步直接预测,2,"{'alpha': 0.0001, 'hidden_layer_sizes': (256, 128), 'learning_rate_init': 0.01}",0.20683513516179344,28,0.6912486077694991
ANN,多步直接预测,2,"{'alpha': 0.01, 'hidden_layer_sizes': (256, 128), 'learning_rate_init': 0.001}",0.13777986031904801,29,0.6917000860906787
ANN,多步直接预测,2,"{'alpha': 0.01, 'hidden_layer_sizes': (128, 64), 'learning_rate_init': 0.001}",0.16563980221018673,30,0.694923600393058
ANN,多步直接预测,2,"{'alpha': 1e-05, 'hidden_layer_sizes': (256, 128), 'learning_rate_init': 0.001}",0.1399018265329369,31,0.6965727214681
ANN,多步直接预测,2,"{'alpha': 1e-05, 'hidden_layer_sizes': (128, 64), 'learning_rate_init': 0.0005}",0.1378517938759307,32,0.6986179931209402
ANN,多步直接预测,2,"{'alpha': 0.0001, 'hidden_layer_sizes': (128, 64), 'learning_rate_init': 0.001}",0.15948689630289117,33,0.6989680461210906
ANN,多步直接预测,2,"{'alpha': 1e-05, 'hidden_layer_sizes': (128, 64), 'learning_rate_init': 0.001}",0.16647447676652888,34,0.6991446048893876
ANN,多步直接预测,2,"{'alpha': 0.0001, 'hidden_layer_sizes': (256, 128), 'learning_rate_init': 0.001}",0.1381448774137681,35,0.7002024857019312
ANN,多步直接预测,2,"{'alpha': 0.01, 'hidden_layer_sizes': (256, 128), 'learning_rate_init': 0.01}",0.22281118303773947,36,0.7189625004911404
ANN,多步直接预测,3,"{'alpha': 1e-05, 'hidden_layer_sizes': (128, 64), 'learning_rate_init': 0.01}",0.13720673294970878,1,0.6955572882668862
ANN,多步直接预测,3,"{'alpha': 1e-05, 'hidden_layer_sizes': (256, 128), 'learning_rate_init': 0.01}",0.09482457306579524,2,0.7068741972516053
ANN,多步直接预测,3,"{'alpha': 0.01, 'hidden_layer_sizes': (128,), 'learning_rate_init': 0.001}",0.12537748677493232,3,0.7091790390951648
ANN,多步直接预测,3,"{'alpha': 0.0001, 'hidden_layer_sizes': (128,), 'learning_rate_init': 0.0005}",0.11315785070479706,4,0.7152411890254129
ANN,多步直接预测,3,"{'alpha': 0.01, 'hidden_layer_sizes': (128,), 'learning_rate_init': 0.0005}",0.12273726401095394,5,0.7161852908896479
ANN,多步直接预测,3,"{'alpha': 1e-05, 'hidden_layer_sizes': (128,), 'learning_rate_init': 0.0005}",0.11733743578966216,6,0.718950489751581
ANN,多步直接预测,3,"{'alpha': 0.0001, 'hidden_layer_sizes': (128,), 'learning_rate_init': 0.001}",0.12359944466074575,7,0.7214357436452378
ANN,多步直接预测,3,"{'alpha': 1e-05, 'hidden_layer_sizes': (128,), 'learning_rate_init': 0.001}",0.1326533941897864,8,0.728323147069721
ANN,多步直接预测,3,"{'alpha': 0.01, 'hidden_layer_sizes': (64,), 'learning_rate_init': 0.0005}",0.13897769661333775,9,0.7344602581664358
ANN,多步直接预测,3,"{'alpha': 0.0001, 'hidden_layer_sizes': (64,), 'learning_rate_init': 0.0005}",0.14322221266720608,10,0.7377529705402467
ANN,多步直接预测,3,"{'alpha': 1e-05, 'hidden_layer_sizes': (64,), 'learning_rate_init': 0.0005}",0.14367006247091363,11,0.7382970169038782
ANN,多步直接预测,3,"{'alpha': 0.01, 'hidden_layer_sizes': (256, 128), 'learning_rate_init': 0.01}",0.19465409341386777,12,0.7450522015436111
ANN,多步直接预测,3,"{'alpha': 0.01, 'hidden_layer_sizes': (128,), 'learning_rate_init': 0.01}",0.11061406138822184,13,0.7477506642772352
ANN,多步直接预测,3,"{'alpha': 0.01, 'hidden_layer_sizes': (256, 128), 'learning_rate_init': 0.0005}",0.12169870882549386,14,0.7499370173868293
ANN,多步直接预测,3,"{'alpha': 1e-05, 'hidden_layer_sizes': (128,), 'learning_rate_init': 0.01}",0.11107440684134434,15,0.7517943280408819
ANN,多步直接预测,3,"{'alpha': 0.0001, 'hidden_layer_sizes': (128,), 'learning_rate_init': 0.01}",0.11303631090257636,16,0.7540807797251777
ANN,多步直接预测,3,"{'alpha': 0.01, 'hidden_layer_sizes': (256, 128), 'learning_rate_init': 0.001}",0.1388286060479962,17,0.7566361204337237
ANN,多步直接预测,3,"{'alpha': 1e-05, 'hidden_layer_sizes': (256, 128), 'learning_rate_init': 0.0005}",0.11913808581492068,18,0.7572958146506484
ANN,多步直接预测,3,"{'alpha': 0.0001, 'hidden_layer_sizes': (128, 64), 'learning_rate_init': 0.0005}",0.15762658344559585,19,0.7575764188156612
ANN,多步直接预测,3,"{'alpha': 0.0001, 'hidden_layer_sizes': (256, 128), 'learning_rate_init': 0.0005}",0.12069471154654987,20,0.7587602917600633
ANN,多步直接预测,3,"{'alpha': 0.0001, 'hidden_layer_sizes': (256, 128), 'learning_rate_init': 0.01}",0.14545684716790322,21,0.7613241906642075
ANN,多步直接预测,3,"{'alpha': 1e-05, 'hidden_layer_sizes': (128, 64), 'learning_rate_init': 0.0005}",0.15742176301189123,22,0.7618062687516973
ANN,多步直接预测,3,"{'alpha': 1e-05, 'hidden_layer_sizes': (256, 128), 'learning_rate_init': 0.001}",0.1337467017030223,23,0.764693048486734
ANN,多步直接预测,3,"{'alpha': 0.01, 'hidden_layer_sizes': (128, 64), 'learning_rate_init': 0.0005}",0.1645049735868734,24,0.7664418607606386
ANN,多步直接预测,3,"{'alpha': 0.01, 'hidden_layer_sizes': (128, 64), 'learning_rate_init': 0.01}",0.1986792575548678,25,0.7674621864839103
ANN,多步直接预测,3,"{'alpha': 0.01, 'hidden_layer_sizes': (128, 64), 'learning_rate_init': 0.001}",0.1710423111659148,26,0.7688372556320449
ANN,多步直接预测,3,"{'alpha': 0.0001, 'hidden_layer_sizes': (256, 128), 'learning_rate_init': 0.001}",0.1383316435606601,27,0.7720019906777695
ANN,多步直接预测,3,"{'alpha': 0.0001, 'hidden_layer_sizes': (64,), 'learning_rate_init': 0.001}",0.11360825167503494,28,0.7726337717842039
ANN,多步直接预测,3,"{'alpha': 0.01, 'hidden_layer_sizes': (64,), 'learning_rate_init': 0.001}",0.12870137224674316,29,0.779480669353322
ANN,多步直接预测,3,"{'alpha': 1e-05, 'hidden_layer_sizes': (128, 64), 'learning_rate_init': 0.001}",0.17317255169134935,30,0.7801148572590929
ANN,多步直接预测,3,"{'alpha': 0.0001, 'hidden_layer_sizes': (128, 64), 'learning_rate_init': 0.01}",0.22500533195906325,31,0.782046734653918
ANN,多步直接预测,3,"{'alpha': 1e-05, 'hidden_layer_sizes': (64,), 'learning_rate_init': 0.001}",0.13465985269369868,32,0.7874415941395867
ANN,多步直接预测,3,"{'alpha': 0.0001, 'hidden_layer_sizes': (128, 64), 'learning_rate_init': 0.001}",0.1612479685945408,33,0.7952666876114717
ANN,多步直接预测,3,"{'alpha': 0.01, 'hidden_layer_sizes': (64,), 'learning_rate_init': 0.01}",0.20566307306499204,34,0.8542336364488584
ANN,多步直接预测,3,"{'alpha': 1e-05, 'hidden_layer_sizes': (64,), 'learning_rate_init': 0.01}",0.20087681282895375,35,0.8590726401536747
ANN,多步直接预测,3,"{'alpha': 0.0001, 'hidden_layer_sizes': (64,), 'learning_rate_init': 0.01}",0.19000090883054763,36,0.904431848951255
ANN,多步直接预测,4,"{'alpha': 0.01, 'hidden_layer_sizes': (128,), 'learning_rate_init': 0.0005}",0.0752452159437038,1,0.7057296409261369
ANN,多步直接预测,4,"{'alpha': 0.0001, 'hidden_layer_sizes': (128,), 'learning_rate_init': 0.0005}",0.07399991952297388,2,0.7074114553946392
ANN,多步直接预测,4,"{'alpha': 1e-05, 'hidden_layer_sizes': (128,), 'learning_rate_init': 0.0005}",0.0743864643952692,3,0.707595763116494
ANN,多步直接预测,4,"{'alpha': 0.01, 'hidden_layer_sizes': (128,), 'learning_rate_init': 0.01}",0.07917177204712396,4,0.716696445968862
ANN,多步直接预测,4,"{'alpha': 0.0001, 'hidden_layer_sizes': (128,), 'learning_rate_init': 0.01}",0.09214603609401129,5,0.7321063266288076
ANN,多步直接预测,4,"{'alpha': 0.01, 'hidden_layer_sizes': (256, 128), 'learning_rate_init': 0.001}",0.09221351522628159,6,0.7340631108256308
ANN,多步直接预测,4,"{'alpha': 1e-05, 'hidden_layer_sizes': (256, 128), 'learning_rate_init': 0.0005}",0.09886422180401744,7,0.7389589686096164
ANN,多步直接预测,4,"{'alpha': 0.01, 'hidden_layer_sizes': (256, 128), 'learning_rate_init': 0.0005}",0.10011244815222624,8,0.7390257143917944
ANN,多步直接预测,4,"{'alpha': 0.0001, 'hidden_layer_sizes': (256, 128), 'learning_rate_init': 0.0005}",0.09942710230824872,9,0.7402855276030103
ANN,多步直接预测,4,"{'alpha': 1e-05, 'hidden_layer_sizes': (256, 128), 'learning_rate_init': 0.001}",0.09876627573310663,10,0.7406654581377318
ANN,多步直接预测,4,"{'alpha': 0.0001, 'hidden_layer_sizes': (128, 64), 'learning_rate_init': 0.0005}",0.12395053054651888,11,0.741201370795275
ANN,多步直接预测,4,"{'alpha': 0.01, 'hidden_layer_sizes': (128,), 'learning_rate_init': 0.001}",0.09058232854298126,12,0.7424031283013574
ANN,多步直接预测,4,"{'alpha': 0.0001, 'hidden_layer_sizes': (128,), 'learning_rate_init': 0.001}",0.0920963582452496,13,0.7432056815941248
ANN,多步直接预测,4,"{'alpha': 1e-05, 'hidden_layer_sizes': (128, 64), 'learning_rate_init': 0.0005}",0.12704852201737377,14,0.7433686008606304
ANN,多步直接预测,4,"{'alpha': 0.0001, 'hidden_layer_sizes': (256, 128), 'learning_rate_init': 0.001}",0.09242865961638383,15,0.7448777876634732
ANN,多步直接预测,4,"{'alpha': 1e-05, 'hidden_layer_sizes': (128,), 'learning_rate_init': 0.001}",0.09627881961912399,16,0.7507338052209408
ANN,多步直接预测,4,"{'alpha': 0.0001, 'hidden_layer_sizes': (128, 64), 'learning_rate_init': 0.001}",0.11235590728441049,17,0.7544187112013429
ANN,多步直接预测,4,"{'alpha': 0.01, 'hidden_layer_sizes': (128, 64), 'learning_rate_init': 0.001}",0.11197431490896738,18,0.756768926574989
ANN,多步直接预测,4,"{'alpha': 0.01, 'hidden_layer_sizes': (128, 64), 'learning_rate_init': 0.0005}",0.12670780973313492,19,0.7575222302538389
ANN,多步直接预测,4,"{'alpha': 1e-05, 'hidden_layer_sizes': (128, 64), 'learning_rate_init': 0.001}",0.1112923644710566,20,0.7579384394474937
ANN,多步直接预测,4,"{'alpha': 1e-05, 'hidden_layer_sizes': (256, 128), 'learning_rate_init': 0.01}",0.0972205744316654,21,0.758226562771819
ANN,多步直接预测,4,"{'alpha': 1e-05, 'hidden_layer_sizes': (128,), 'learning_rate_init': 0.01}",0.110187770116459,22,0.7647567152109364
ANN,多步直接预测,4,"{'alpha': 0.0001, 'hidden_layer_sizes': (256, 128), 'learning_rate_init': 0.01}",0.1368454672809842,23,0.7654473464507259
ANN,多步直接预测,4,"{'alpha': 0.01, 'hidden_layer_sizes': (128, 64), 'learning_rate_init': 0.01}",0.10915850919879107,24,0.7686380673395758
ANN,多步直接预测,4,"{'alpha': 0.01, 'hidden_layer_sizes': (256, 128), 'learning_rate_init': 0.01}",0.1652755416985827,25,0.7698456334938073
ANN,多步直接预测,4,"{'alpha': 0.0001, 'hidden_layer_sizes': (128, 64), 'learning_rate_init': 0.01}",0.10320360133580318,26,0.7773619943851614
ANN,多步直接预测,4,"{'alpha': 1e-05, 'hidden_layer_sizes': (128, 64), 'learning_rate_init': 0.01}",0.11529659709478927,27,0.7820163356806682
ANN,多步直接预测,4,"{'alpha': 1e-05, 'hidden_layer_sizes': (64,), 'learning_rate_init': 0.01}",0.12354652884482595,28,0.785845337783233
ANN,多步直接预测,4,"{'alpha': 0.0001, 'hidden_layer_sizes': (64,), 'learning_rate_init': 0.01}",0.11435800131551074,29,0.7883241698727149
ANN,多步直接预测,4,"{'alpha': 1e-05, 'hidden_layer_sizes': (64,), 'learning_rate_init': 0.0005}",0.16807050110280145,30,0.8133348173175957
ANN,多步直接预测,4,"{'alpha': 0.0001, 'hidden_layer_sizes': (64,), 'learning_rate_init': 0.0005}",0.16445395796806908,31,0.8143625670008178
ANN,多步直接预测,4,"{'alpha': 0.01, 'hidden_layer_sizes': (64,), 'learning_rate_init': 0.0005}",0.17372032328045314,32,0.8194702289915025
ANN,多步直接预测,4,"{'alpha': 0.01, 'hidden_layer_sizes': (64,), 'learning_rate_init': 0.01}",0.12856854159300052,33,0.8227693683424372
ANN,多步直接预测,4,"{'alpha': 1e-05, 'hidden_layer_sizes': (64,), 'learning_rate_init': 0.001}",0.1832327272112883,34,0.8443741027180343
ANN,多步直接预测,4,"{'alpha': 0.01, 'hidden_layer_sizes': (64,), 'learning_rate_init': 0.001}",0.18724124014625335,35,0.8450020562742555
ANN,多步直接预测,4,"{'alpha': 0.0001, 'hidden_layer_sizes': (64,), 'learning_rate_init': 0.001}",0.18876250936305897,36,0.8501505621543073
ANN,多步直接预测,5,"{'alpha': 0.0001, 'hidden_layer_sizes': (128,), 'learning_rate_init': 0.0005}",0.09282059546781063,1,0.7397348684889496
ANN,多步直接预测,5,"{'alpha': 1e-05, 'hidden_layer_sizes': (128,), 'learning_rate_init': 0.0005}",0.092664069273106,2,0.7397411103241215
ANN,多步直接预测,5,"{'alpha': 0.01, 'hidden_layer_sizes': (128,), 'learning_rate_init': 0.0005}",0.09290939509077882,3,0.7399169480961637
ANN,多步直接预测,5,"{'alpha': 0.01, 'hidden_layer_sizes': (128, 64), 'learning_rate_init': 0.001}",0.10806354982163315,4,0.7444007688326968
ANN,多步直接预测,5,"{'alpha': 1e-05, 'hidden_layer_sizes': (128, 64), 'learning_rate_init': 0.001}",0.09905623685591369,5,0.7475416925567645
ANN,多步直接预测,5,"{'alpha': 0.01, 'hidden_layer_sizes': (128, 64), 'learning_rate_init': 0.01}",0.06993100829580012,6,0.7489332878082878
ANN,多步直接预测,5,"{'alpha': 0.01, 'hidden_layer_sizes': (128, 64), 'learning_rate_init': 0.0005}",0.11831345381347501,7,0.7520758442589993
ANN,多步直接预测,5,"{'alpha': 0.0001, 'hidden_layer_sizes': (128, 64), 'learning_rate_init': 0.001}",0.10224601390995994,8,0.7522406175102563
ANN,多步直接预测,5,"{'alpha': 0.0001, 'hidden_layer_sizes': (128, 64), 'learning_rate_init': 0.0005}",0.11429246456494326,9,0.7534695028852694
ANN,多步直接预测,5,"{'alpha': 1e-05, 'hidden_layer_sizes': (128, 64), 'learning_rate_init': 0.0005}",0.1176137668698997,10,0.7590852319395318
ANN,多步直接预测,5,"{'alpha': 1e-05, 'hidden_layer_sizes': (256, 128), 'learning_rate_init': 0.001}",0.09860769610532305,11,0.7610999236036035
ANN,多步直接预测,5,"{'alpha': 0.0001, 'hidden_layer_sizes': (128,), 'learning_rate_init': 0.001}",0.11014575284178617,12,0.7647416373952285
ANN,多步直接预测,5,"{'alpha': 0.0001, 'hidden_layer_sizes': (128,), 'learning_rate_init': 0.01}",0.11380294459054868,13,0.7673318190730272
ANN,多步直接预测,5,"{'alpha': 1e-05, 'hidden_layer_sizes': (128,), 'learning_rate_init': 0.001}",0.11972097415453527,14,0.7724457131227219
ANN,多步直接预测,5,"{'alpha': 0.01, 'hidden_layer_sizes': (256, 128), 'learning_rate_init': 0.0005}",0.1255561058018673,15,0.7729246914447504
ANN,多步直接预测,5,"{'alpha': 1e-05, 'hidden_layer_sizes': (256, 128), 'learning_rate_init': 0.0005}",0.12056907437922876,16,0.7731801251934733
ANN,多步直接预测,5,"{'alpha': 0.01, 'hidden_layer_sizes': (128,), 'learning_rate_init': 0.001}",0.11485976096921632,17,0.7750002693480705
ANN,多步直接预测,5,"{'alpha': 0.01, 'hidden_layer_sizes': (256, 128), 'learning_rate_init': 0.001}",0.10165619842901395,18,0.7755538585248812
ANN,多步直接预测,5,"{'alpha': 0.0001, 'hidden_layer_sizes': (256, 128), 'learning_rate_init': 0.001}",0.10713738579035156,19,0.7791871769329309
ANN,多步直接预测,5,"{'alpha': 1e-05, 'hidden_layer_sizes': (128, 64), 'learning_rate_init': 0.01}",0.09425464430337097,20,0.7834815051785675
ANN,多步直接预测,5,"{'alpha': 0.01, 'hidden_layer_sizes': (128,), 'learning_rate_init': 0.01}",0.11206612633577442,21,0.7854752177991623
ANN,多步直接预测,5,"{'alpha': 0.0001, 'hidden_layer_sizes': (256, 128), 'learning_rate_init': 0.0005}",0.12457176427903394,22,0.7859650357733718
ANN,多步直接预测,5,"{'alpha': 0.0001, 'hidden_layer_sizes': (128, 64), 'learning_rate_init': 0.01}",0.11619267577325884,23,0.7913537969185618
ANN,多步直接预测,5,"{'alpha': 1e-05, 'hidden_layer_sizes': (128,), 'learning_rate_init': 0.01}",0.12568154910200424,24,0.8091645607761014
ANN,多步直接预测,5,"{'alpha': 0.0001, 'hidden_layer_sizes': (256, 128), 'learning_rate_init': 0.01}",0.103001053911611,25,0.82767458164869
ANN,多步直接预测,5,"{'alpha': 1e-05, 'hidden_layer_sizes': (64,), 'learning_rate_init': 0.0005}",0.16300040540106125,26,0.8346386633571167
ANN,多步直接预测,5,"{'alpha': 1e-05, 'hidden_layer_sizes': (256, 128), 'learning_rate_init': 0.01}",0.14367997882431036,27,0.8368258595870975
ANN,多步直接预测,5,"{'alpha': 0.0001, 'hidden_layer_sizes': (64,), 'learning_rate_init': 0.0005}",0.15636223382222075,28,0.8401238478926546
ANN,多步直接预测,5,"{'alpha': 0.01, 'hidden_layer_sizes': (64,), 'learning_rate_init': 0.0005}",0.16914993241851903,29,0.8523269516372913
ANN,多步直接预测,5,"{'alpha': 0.01, 'hidden_layer_sizes': (64,), 'learning_rate_init': 0.001}",0.15401690534705179,30,0.8624536380568744
ANN,多步直接预测,5,"{'alpha': 1e-05, 'hidden_layer_sizes': (64,), 'learning_rate_init': 0.001}",0.15536945694304644,31,0.8664035364451959
ANN,多步直接预测,5,"{'alpha': 0.01, 'hidden_layer_sizes': (256, 128), 'learning_rate_init': 0.01}",0.19311083040692878,32,0.8667476616584254
ANN,多步直接预测,5,"{'alpha': 0.0001, 'hidden_layer_sizes': (64,), 'learning_rate_init': 0.001}",0.15586566588482778,33,0.867637314916745
ANN,多步直接预测,5,"{'alpha': 0.01, 'hidden_layer_sizes': (64,), 'learning_rate_init': 0.01}",0.1862052846662561,34,0.8857878921919323
ANN,多步直接预测,5,"{'alpha': 0.0001, 'hidden_layer_sizes': (64,), 'learning_rate_init': 0.01}",0.19416174710023984,35,0.8889950242556722
ANN,多步直接预测,5,"{'alpha': 1e-05, 'hidden_layer_sizes': (64,), 'learning_rate_init': 0.01}",0.20019957051408432,36,0.9232523272999774
ANN,多步直接预测,6,"{'alpha': 0.0001, 'hidden_layer_sizes': (128, 64), 'learning_rate_init': 0.001}",0.1290174601472448,1,0.7566680813136327
ANN,多步直接预测,6,"{'alpha': 1e-05, 'hidden_layer_sizes': (128, 64), 'learning_rate_init': 0.001}",0.1284523417425813,2,0.7566875808434652
ANN,多步直接预测,6,"{'alpha': 0.01, 'hidden_layer_sizes': (128, 64), 'learning_rate_init': 0.001}",0.13524658428930963,3,0.7725067583514513
ANN,多步直接预测,6,"{'alpha': 0.01, 'hidden_layer_sizes': (128,), 'learning_rate_init': 0.0005}",0.10630503567075489,4,0.7768747434703652
ANN,多步直接预测,6,"{'alpha': 0.01, 'hidden_layer_sizes': (128, 64), 'learning_rate_init': 0.0005}",0.13577551831233473,5,0.7779513979459867
ANN,多步直接预测,6,"{'alpha': 0.0001, 'hidden_layer_sizes': (256, 128), 'learning_rate_init': 0.001}",0.13088009759746755,6,0.7780116541981047
ANN,多步直接预测,6,"{'alpha': 0.0001, 'hidden_layer_sizes': (128,), 'learning_rate_init': 0.0005}",0.10660465669954992,7,0.7786533224638331
ANN,多步直接预测,6,"{'alpha': 0.0001, 'hidden_layer_sizes': (128, 64), 'learning_rate_init': 0.0005}",0.13710443266591835,8,0.7803488281383869
ANN,多步直接预测,6,"{'alpha': 1e-05, 'hidden_layer_sizes': (128, 64), 'learning_rate_init': 0.0005}",0.13824752466702867,9,0.7827398943063485
ANN,多步直接预测,6,"{'alpha': 1e-05, 'hidden_layer_sizes': (128,), 'learning_rate_init': 0.0005}",0.10972027568577104,10,0.7829169819687568
ANN,多步直接预测,6,"{'alpha': 0.01, 'hidden_layer_sizes': (256, 128), 'learning_rate_init': 0.001}",0.13410801842733353,11,0.7916909697046814
ANN,多步直接预测,6,"{'alpha': 0.01, 'hidden_layer_sizes': (128, 64), 'learning_rate_init': 0.01}",0.10101064977566157,12,0.7921536589490694
ANN,多步直接预测,6,"{'alpha': 1e-05, 'hidden_layer_sizes': (128, 64), 'learning_rate_init': 0.01}",0.10984144003416549,13,0.7926023389504259
ANN,多步直接预测,6,"{'alpha': 0.01, 'hidden_layer_sizes': (256, 128), 'learning_rate_init': 0.0005}",0.12914067578858845,14,0.7929426285151283
ANN,多步直接预测,6,"{'alpha': 1e-05, 'hidden_layer_sizes': (256, 128), 'learning_rate_init': 0.001}",0.137687260789854,15,0.7972463059004139
ANN,多步直接预测,6,"{'alpha': 1e-05, 'hidden_layer_sizes': (256, 128), 'learning_rate_init': 0.01}",0.11887873399439033,16,0.7978124970231074
ANN,多步直接预测,6,"{'alpha': 1e-05, 'hidden_layer_sizes': (256, 128), 'learning_rate_init': 0.0005}",0.13821778253758318,17,0.8025135981110978
ANN,多步直接预测,6,"{'alpha': 0.0001, 'hidden_layer_sizes': (128,), 'learning_rate_init': 0.001}",0.11691857171795103,18,0.8042162411078344
ANN,多步直接预测,6,"{'alpha': 0.0001, 'hidden_layer_sizes': (256, 128), 'learning_rate_init': 0.0005}",0.13910015921923424,19,0.8047369715933362
ANN,多步直接预测,6,"{'alpha': 0.01, 'hidden_layer_sizes': (128,), 'learning_rate_init': 0.001}",0.11907264816823337,20,0.8048163117714352
ANN,多步直接预测,6,"{'alpha': 1e-05, 'hidden_layer_sizes': (128,), 'learning_rate_init': 0.01}",0.09605369833841863,21,0.8054523569245329
ANN,多步直接预测,6,"{'alpha': 0.0001, 'hidden_layer_sizes': (128, 64), 'learning_rate_init': 0.01}",0.12676876997177466,22,0.8082034797039612
ANN,多步直接预测,6,"{'alpha': 0.0001, 'hidden_layer_sizes': (256, 128), 'learning_rate_init': 0.01}",0.127717293928209,23,0.8104266406108028
ANN,多步直接预测,6,"{'alpha': 1e-05, 'hidden_layer_sizes': (128,), 'learning_rate_init': 0.001}",0.12885252353229995,24,0.816769177018271
ANN,多步直接预测,6,"{'alpha': 0.0001, 'hidden_layer_sizes': (128,), 'learning_rate_init': 0.01}",0.11217901201200176,25,0.8185285371900984
ANN,多步直接预测,6,"{'alpha': 0.01, 'hidden_layer_sizes': (128,), 'learning_rate_init': 0.01}",0.10383614852083003,26,0.8202797970302234
ANN,多步直接预测,6,"{'alpha': 0.01, 'hidden_layer_sizes': (256, 128), 'learning_rate_init': 0.01}",0.16545864064779245,27,0.8578996567417211
ANN,多步直接预测,6,"{'alpha': 0.01, 'hidden_layer_sizes': (64,), 'learning_rate_init': 0.0005}",0.1466791439305838,28,0.8704698718199277
ANN,多步直接预测,6,"{'alpha': 0.0001, 'hidden_layer_sizes': (64,), 'learning_rate_init': 0.001}",0.14861587167277657,29,0.8793271032237495
ANN,多步直接预测,6,"{'alpha': 1e-05, 'hidden_layer_sizes': (64,), 'learning_rate_init': 0.001}",0.1498789041485788,30,0.8798621645377424
ANN,多步直接预测,6,"{'alpha': 0.01, 'hidden_layer_sizes': (64,), 'learning_rate_init': 0.001}",0.15055534918966504,31,0.8803906397040011
ANN,多步直接预测,6,"{'alpha': 0.0001, 'hidden_layer_sizes': (64,), 'learning_rate_init': 0.0005}",0.15539093851623303,32,0.8839779722485881
ANN,多步直接预测,6,"{'alpha': 1e-05, 'hidden_layer_sizes': (64,), 'learning_rate_init': 0.0005}",0.15772448780458556,33,0.8840406632560515
ANN,多步直接预测,6,"{'alpha': 0.01, 'hidden_layer_sizes': (64,), 'learning_rate_init': 0.01}",0.2174381456376844,34,0.8977542924734974
ANN,多步直接预测,6,"{'alpha': 0.0001, 'hidden_layer_sizes': (64,), 'learning_rate_init': 0.01}",0.21602419348875604,35,0.9127422945559699
ANN,多步直接预测,6,"{'alpha': 1e-05, 'hidden_layer_sizes': (64,), 'learning_rate_init': 0.01}",0.24125666586455138,36,0.9529278258028514
ANN,多步直接预测,7,"{'alpha': 0.01, 'hidden_layer_sizes': (128,), 'learning_rate_init': 0.001}",0.11190198993962974,1,0.8170832268961506
ANN,多步直接预测,7,"{'alpha': 1e-05, 'hidden_layer_sizes': (128,), 'learning_rate_init': 0.001}",0.11409473207540148,2,0.8182797955682114
ANN,多步直接预测,7,"{'alpha': 0.0001, 'hidden_layer_sizes': (128,), 'learning_rate_init': 0.001}",0.11500823406996875,3,0.8198209990508074
ANN,多步直接预测,7,"{'alpha': 0.0001, 'hidden_layer_sizes': (256, 128), 'learning_rate_init': 0.0005}",0.13757296997396282,4,0.8209207905892287
ANN,多步直接预测,7,"{'alpha': 0.0001, 'hidden_layer_sizes': (128,), 'learning_rate_init': 0.0005}",0.11826894546854724,5,0.8215872569825856
ANN,多步直接预测,7,"{'alpha': 1e-05, 'hidden_layer_sizes': (128,), 'learning_rate_init': 0.0005}",0.118463034942352,6,0.8224858269692495
ANN,多步直接预测,7,"{'alpha': 0.01, 'hidden_layer_sizes': (256, 128), 'learning_rate_init': 0.0005}",0.13888931450167402,7,0.8238458715775764
ANN,多步直接预测,7,"{'alpha': 1e-05, 'hidden_layer_sizes': (256, 128), 'learning_rate_init': 0.0005}",0.13913234699013816,8,0.8240616480559354
ANN,多步直接预测,7,"{'alpha': 0.01, 'hidden_layer_sizes': (128,), 'learning_rate_init': 0.0005}",0.12299778145821898,9,0.8273419770741955
ANN,多步直接预测,7,"{'alpha': 0.0001, 'hidden_layer_sizes': (128, 64), 'learning_rate_init': 0.0005}",0.1568499726317225,10,0.8387116731302767
ANN,多步直接预测,7,"{'alpha': 0.01, 'hidden_layer_sizes': (128, 64), 'learning_rate_init': 0.0005}",0.1590042352150137,11,0.839736492109457
ANN,多步直接预测,7,"{'alpha': 1e-05, 'hidden_layer_sizes': (128, 64), 'learning_rate_init': 0.0005}",0.1551342227482959,12,0.8411660845634179
ANN,多步直接预测,7,"{'alpha': 0.0001, 'hidden_layer_sizes': (128,), 'learning_rate_init': 0.01}",0.17363661820791496,13,0.8478360779613111
ANN,多步直接预测,7,"{'alpha': 0.01, 'hidden_layer_sizes': (256, 128), 'learning_rate_init': 0.001}",0.1468564689181742,14,0.8484540665344443
ANN,多步直接预测,7,"{'alpha': 0.0001, 'hidden_layer_sizes': (256, 128), 'learning_rate_init': 0.001}",0.14728792021030868,15,0.8524459758426198
ANN,多步直接预测,7,"{'alpha': 1e-05, 'hidden_layer_sizes': (256, 128), 'learning_rate_init': 0.001}",0.15134549698715433,16,0.8558733568966184
ANN,多步直接预测,7,"{'alpha': 1e-05, 'hidden_layer_sizes': (128,), 'learning_rate_init': 0.01}",0.181687296098332,17,0.8599077697404685
ANN,多步直接预测,7,"{'alpha': 0.01, 'hidden_layer_sizes': (128, 64), 'learning_rate_init': 0.001}",0.17005340715418,18,0.8630335551210461
ANN,多步直接预测,7,"{'alpha': 0.0001, 'hidden_layer_sizes': (128, 64), 'learning_rate_init': 0.001}",0.16287269994826165,19,0.8709486522084037
ANN,多步直接预测,7,"{'alpha': 1e-05, 'hidden_layer_sizes': (128, 64), 'learning_rate_init': 0.001}",0.1710351587697746,20,0.871703444065537
ANN,多步直接预测,7,"{'alpha': 0.0001, 'hidden_layer_sizes': (64,), 'learning_rate_init': 0.0005}",0.16146097025672315,21,0.8838688071222885
ANN,多步直接预测,7,"{'alpha': 1e-05, 'hidden_layer_sizes': (64,), 'learning_rate_init': 0.0005}",0.16513260874226773,22,0.8839010207278086
ANN,多步直接预测,7,"{'alpha': 0.01, 'hidden_layer_sizes': (64,), 'learning_rate_init': 0.0005}",0.16457870856961732,23,0.8863845853865654
ANN,多步直接预测,7,"{'alpha': 1e-05, 'hidden_layer_sizes': (256, 128), 'learning_rate_init': 0.01}",0.17955697219464237,24,0.8905205033749976
ANN,多步直接预测,7,"{'alpha': 0.01, 'hidden_layer_sizes': (128,), 'learning_rate_init': 0.01}",0.19687337799460494,25,0.892975033025559
ANN,多步直接预测,7,"{'alpha': 0.0001, 'hidden_layer_sizes': (128, 64), 'learning_rate_init': 0.01}",0.17648208315531383,26,0.9004155313468423
ANN,多步直接预测,7,"{'alpha': 1e-05, 'hidden_layer_sizes': (128, 64), 'learning_rate_init': 0.01}",0.19457692730128018,27,0.9027724797670063
ANN,多步直接预测,7,"{'alpha': 0.01, 'hidden_layer_sizes': (256, 128), 'learning_rate_init': 0.01}",0.1743892895003092,28,0.9073540554354808
ANN,多步直接预测,7,"{'alpha': 1e-05, 'hidden_layer_sizes': (64,), 'learning_rate_init': 0.01}",0.19091017756519893,29,0.9102986678587764
ANN,多步直接预测,7,"{'alpha': 0.01, 'hidden_layer_sizes': (64,), 'learning_rate_init': 0.001}",0.191992223890447,30,0.9191700152597972
ANN,多步直接预测,7,"{'alpha': 0.0001, 'hidden_layer_sizes': (64,), 'learning_rate_init': 0.001}",0.19025013552668799,31,0.9202629748863324
ANN,多步直接预测,7,"{'alpha': 0.01, 'hidden_layer_sizes': (128, 64), 'learning_rate_init': 0.01}",0.21727807168895572,32,0.921780592045483
ANN,多步直接预测,7,"{'alpha': 1e-05, 'hidden_layer_sizes': (64,), 'learning_rate_init': 0.001}",0.19439172212457562,33,0.9249699246372378
ANN,多步直接预测,7,"{'alpha': 0.01, 'hidden_layer_sizes': (64,), 'learning_rate_init': 0.01}",0.18792407695909308,34,0.9249944805498278
ANN,多步直接预测,7,"{'alpha': 0.0001, 'hidden_layer_sizes': (256, 128), 'learning_rate_init': 0.01}",0.20047401560516293,35,0.9426743423780088
ANN,多步直接预测,7,"{'alpha': 0.0001, 'hidden_layer_sizes': (64,), 'learning_rate_init': 0.01}",0.23154175558214807,36,0.9588812577650696
ANN,多输出预测,1,"{'alpha': 0.01, 'hidden_layer_sizes': (64,), 'learning_rate_init': 0.0005}",0.09608817744461723,1,0.6624160887742937
ANN,多输出预测,1,"{'alpha': 1e-05, 'hidden_layer_sizes': (64,), 'learning_rate_init': 0.0005}",0.09643765266882823,2,0.6633785879031392
ANN,多输出预测,1,"{'alpha': 0.0001, 'hidden_layer_sizes': (64,), 'learning_rate_init': 0.0005}",0.09669432206953793,3,0.6636200829677218
ANN,多输出预测,1,"{'alpha': 0.01, 'hidden_layer_sizes': (128,), 'learning_rate_init': 0.0005}",0.10080099556506625,4,0.6988947785153611
ANN,多输出预测,1,"{'alpha': 0.0001, 'hidden_layer_sizes': (128,), 'learning_rate_init': 0.0005}",0.10256002024119548,5,0.7086170423708849
ANN,多输出预测,1,"{'alpha': 1e-05, 'hidden_layer_sizes': (128,), 'learning_rate_init': 0.0005}",0.10552243305092109,6,0.7111168855415011
ANN,多输出预测,1,"{'alpha': 0.01, 'hidden_layer_sizes': (128, 64), 'learning_rate_init': 0.0005}",0.10962628299019608,7,0.7127429472453112
ANN,多输出预测,1,"{'alpha': 0.01, 'hidden_layer_sizes': (256, 128), 'learning_rate_init': 0.01}",0.13295098814100523,8,0.7136830174630365
ANN,多输出预测,1,"{'alpha': 0.0001, 'hidden_layer_sizes': (128, 64), 'learning_rate_init': 0.0005}",0.1113394902440479,9,0.714541042307045
ANN,多输出预测,1,"{'alpha': 0.0001, 'hidden_layer_sizes': (256, 128), 'learning_rate_init': 0.01}",0.10578737833616553,10,0.7168485268114543
ANN,多输出预测,1,"{'alpha': 1e-05, 'hidden_layer_sizes': (128, 64), 'learning_rate_init': 0.0005}",0.1111701094897125,11,0.7189623232817292
ANN,多输出预测,1,"{'alpha': 1e-05, 'hidden_layer_sizes': (256, 128), 'learning_rate_init': 0.01}",0.1227064283419135,12,0.7189747243432062
ANN,多输出预测,1,"{'alpha': 0.01, 'hidden_layer_sizes': (64,), 'learning_rate_init': 0.001}",0.12186710979850535,13,0.7225870829365952
ANN,多输出预测,1,"{'alpha': 0.0001, 'hidden_layer_sizes': (64,), 'learning_rate_init': 0.001}",0.12147798617543046,14,0.7227854223893028
ANN,多输出预测,1,"{'alpha': 1e-05, 'hidden_layer_sizes': (256, 128), 'learning_rate_init': 0.0005}",0.11198157607448052,15,0.7233842220376768
ANN,多输出预测,1,"{'alpha': 0.01, 'hidden_layer_sizes': (128, 64), 'learning_rate_init': 0.001}",0.12502381986828373,16,0.7243800113447589
ANN,多输出预测,1,"{'alpha': 1e-05, 'hidden_layer_sizes': (64,), 'learning_rate_init': 0.001}",0.12427811454112721,17,0.727843005431915
ANN,多输出预测,1,"{'alpha': 1e-05, 'hidden_layer_sizes': (128, 64), 'learning_rate_init': 0.001}",0.12845024750267664,18,0.7278450786459049
ANN,多输出预测,1,"{'alpha': 0.0001, 'hidden_layer_sizes': (128, 64), 'learning_rate_init': 0.001}",0.1282037075443396,19,0.7279262665092099
ANN,多输出预测,1,"{'alpha': 0.0001, 'hidden_layer_sizes': (256, 128), 'learning_rate_init': 0.0005}",0.10937831358378973,20,0.7287544110701977
ANN,多输出预测,1,"{'alpha': 1e-05, 'hidden_layer_sizes': (128, 64), 'learning_rate_init': 0.01}",0.10916222936076952,21,0.7303965431304543
ANN,多输出预测,1,"{'alpha': 0.01, 'hidden_layer_sizes': (128,), 'learning_rate_init': 0.01}",0.159898915836872,22,0.7338799115261235
ANN,多输出预测,1,"{'alpha': 0.01, 'hidden_layer_sizes': (128,), 'learning_rate_init': 0.001}",0.10792874954346188,23,0.7346121162003308
ANN,多输出预测,1,"{'alpha': 0.01, 'hidden_layer_sizes': (256, 128), 'learning_rate_init': 0.0005}",0.11467636428458586,24,0.7355410595194781
ANN,多输出预测,1,"{'alpha': 1e-05, 'hidden_layer_sizes': (128,), 'learning_rate_init': 0.01}",0.1595905814373147,25,0.7372691004463575
ANN,多输出预测,1,"{'alpha': 0.01, 'hidden_layer_sizes': (128, 64), 'learning_rate_init': 0.01}",0.1219743373097077,26,0.7382378817986209
ANN,多输出预测,1,"{'alpha': 0.0001, 'hidden_layer_sizes': (128,), 'learning_rate_init': 0.01}",0.16449637888548113,27,0.7388982344369235
ANN,多输出预测,1,"{'alpha': 0.0001, 'hidden_layer_sizes': (128,), 'learning_rate_init': 0.001}",0.10231312841246705,28,0.7391263684008474
ANN,多输出预测,1,"{'alpha': 1e-05, 'hidden_layer_sizes': (128,), 'learning_rate_init': 0.001}",0.10200017603614588,29,0.7401399223520855
ANN,多输出预测,1,"{'alpha': 0.01, 'hidden_layer_sizes': (256, 128), 'learning_rate_init': 0.001}",0.12383033383708356,30,0.7451149024470286
ANN,多输出预测,1,"{'alpha': 0.0001, 'hidden_layer_sizes': (256, 128), 'learning_rate_init': 0.001}",0.13024393906344606,31,0.7542824840750951
ANN,多输出预测,1,"{'alpha': 1e-05, 'hidden_layer_sizes': (256, 128), 'learning_rate_init': 0.001}",0.12734276950100706,32,0.7576767998275032
ANN,多输出预测,1,"{'alpha': 0.0001, 'hidden_layer_sizes': (128, 64), 'learning_rate_init': 0.01}",0.12219334395563104,33,0.7612359086415476
ANN,多输出预测,1,"{'alpha': 0.01, 'hidden_layer_sizes': (64,), 'learning_rate_init': 0.01}",0.14242662449802285,34,0.7703749786609061
ANN,多输出预测,1,"{'alpha': 0.0001, 'hidden_layer_sizes': (64,), 'learning_rate_init': 0.01}",0.15502617509443062,35,0.7810162662964572
ANN,多输出预测,1,"{'alpha': 1e-05, 'hidden_layer_sizes': (64,), 'learning_rate_init': 0.01}",0.1625990931311015,36,0.7833746551168574
ANN,多输出预测,2,"{'alpha': 0.01, 'hidden_layer_sizes': (64,), 'learning_rate_init': 0.0005}",0.09608817744461723,1,0.6624160887742937
ANN,多输出预测,2,"{'alpha': 1e-05, 'hidden_layer_sizes': (64,), 'learning_rate_init': 0.0005}",0.09643765266882823,2,0.6633785879031392
ANN,多输出预测,2,"{'alpha': 0.0001, 'hidden_layer_sizes': (64,), 'learning_rate_init': 0.0005}",0.09669432206953793,3,0.6636200829677218
ANN,多输出预测,2,"{'alpha': 0.01, 'hidden_layer_sizes': (128,), 'learning_rate_init': 0.0005}",0.10080099556506625,4,0.6988947785153611
ANN,多输出预测,2,"{'alpha': 0.0001, 'hidden_layer_sizes': (128,), 'learning_rate_init': 0.0005}",0.10256002024119548,5,0.7086170423708849
ANN,多输出预测,2,"{'alpha': 1e-05, 'hidden_layer_sizes': (128,), 'learning_rate_init': 0.0005}",0.10552243305092109,6,0.7111168855415011
ANN,多输出预测,2,"{'alpha': 0.01, 'hidden_layer_sizes': (128, 64), 'learning_rate_init': 0.0005}",0.10962628299019608,7,0.7127429472453112
ANN,多输出预测,2,"{'alpha': 0.01, 'hidden_layer_sizes': (256, 128), 'learning_rate_init': 0.01}",0.13295098814100523,8,0.7136830174630365
ANN,多输出预测,2,"{'alpha': 0.0001, 'hidden_layer_sizes': (128, 64), 'learning_rate_init': 0.0005}",0.1113394902440479,9,0.714541042307045
ANN,多输出预测,2,"{'alpha': 0.0001, 'hidden_layer_sizes': (256, 128), 'learning_rate_init': 0.01}",0.10578737833616553,10,0.7168485268114543
ANN,多输出预测,2,"{'alpha': 1e-05, 'hidden_layer_sizes': (128, 64), 'learning_rate_init': 0.0005}",0.1111701094897125,11,0.7189623232817292
ANN,多输出预测,2,"{'alpha': 1e-05, 'hidden_layer_sizes': (256, 128), 'learning_rate_init': 0.01}",0.1227064283419135,12,0.7189747243432062
ANN,多输出预测,2,"{'alpha': 0.01, 'hidden_layer_sizes': (64,), 'learning_rate_init': 0.001}",0.12186710979850535,13,0.7225870829365952
ANN,多输出预测,2,"{'alpha': 0.0001, 'hidden_layer_sizes': (64,), 'learning_rate_init': 0.001}",0.12147798617543046,14,0.7227854223893028
ANN,多输出预测,2,"{'alpha': 1e-05, 'hidden_layer_sizes': (256, 128), 'learning_rate_init': 0.0005}",0.11198157607448052,15,0.7233842220376768
ANN,多输出预测,2,"{'alpha': 0.01, 'hidden_layer_sizes': (128, 64), 'learning_rate_init': 0.001}",0.12502381986828373,16,0.7243800113447589
ANN,多输出预测,2,"{'alpha': 1e-05, 'hidden_layer_sizes': (64,), 'learning_rate_init': 0.001}",0.12427811454112721,17,0.727843005431915
ANN,多输出预测,2,"{'alpha': 1e-05, 'hidden_layer_sizes': (128, 64), 'learning_rate_init': 0.001}",0.12845024750267664,18,0.7278450786459049
ANN,多输出预测,2,"{'alpha': 0.0001, 'hidden_layer_sizes': (128, 64), 'learning_rate_init': 0.001}",0.1282037075443396,19,0.7279262665092099
ANN,多输出预测,2,"{'alpha': 0.0001, 'hidden_layer_sizes': (256, 128), 'learning_rate_init': 0.0005}",0.10937831358378973,20,0.7287544110701977
ANN,多输出预测,2,"{'alpha': 1e-05, 'hidden_layer_sizes': (128, 64), 'learning_rate_init': 0.01}",0.10916222936076952,21,0.7303965431304543
ANN,多输出预测,2,"{'alpha': 0.01, 'hidden_layer_sizes': (128,), 'learning_rate_init': 0.01}",0.159898915836872,22,0.7338799115261235
ANN,多输出预测,2,"{'alpha': 0.01, 'hidden_layer_sizes': (128,), 'learning_rate_init': 0.001}",0.10792874954346188,23,0.7346121162003308
ANN,多输出预测,2,"{'alpha': 0.01, 'hidden_layer_sizes': (256, 128), 'learning_rate_init': 0.0005}",0.11467636428458586,24,0.7355410595194781
ANN,多输出预测,2,"{'alpha': 1e-05, 'hidden_layer_sizes': (128,), 'learning_rate_init': 0.01}",0.1595905814373147,25,0.7372691004463575
ANN,多输出预测,2,"{'alpha': 0.01, 'hidden_layer_sizes': (128, 64), 'learning_rate_init': 0.01}",0.1219743373097077,26,0.7382378817986209
ANN,多输出预测,2,"{'alpha': 0.0001, 'hidden_layer_sizes': (128,), 'learning_rate_init': 0.01}",0.16449637888548113,27,0.7388982344369235
ANN,多输出预测,2,"{'alpha': 0.0001, 'hidden_layer_sizes': (128,), 'learning_rate_init': 0.001}",0.10231312841246705,28,0.7391263684008474
ANN,多输出预测,2,"{'alpha': 1e-05, 'hidden_layer_sizes': (128,), 'learning_rate_init': 0.001}",0.10200017603614588,29,0.7401399223520855
ANN,多输出预测,2,"{'alpha': 0.01, 'hidden_layer_sizes': (256, 128), 'learning_rate_init': 0.001}",0.12383033383708356,30,0.7451149024470286
ANN,多输出预测,2,"{'alpha': 0.0001, 'hidden_layer_sizes': (256, 128), 'learning_rate_init': 0.001}",0.13024393906344606,31,0.7542824840750951
ANN,多输出预测,2,"{'alpha': 1e-05, 'hidden_layer_sizes': (256, 128), 'learning_rate_init': 0.001}",0.12734276950100706,32,0.7576767998275032
ANN,多输出预测,2,"{'alpha': 0.0001, 'hidden_layer_sizes': (128, 64), 'learning_rate_init': 0.01}",0.12219334395563104,33,0.7612359086415476
ANN,多输出预测,2,"{'alpha': 0.01, 'hidden_layer_sizes': (64,), 'learning_rate_init': 0.01}",0.14242662449802285,34,0.7703749786609061
ANN,多输出预测,2,"{'alpha': 0.0001, 'hidden_layer_sizes': (64,), 'learning_rate_init': 0.01}",0.15502617509443062,35,0.7810162662964572
ANN,多输出预测,2,"{'alpha': 1e-05, 'hidden_layer_sizes': (64,), 'learning_rate_init': 0.01}",0.1625990931311015,36,0.7833746551168574
ANN,多输出预测,3,"{'alpha': 0.01, 'hidden_layer_sizes': (64,), 'learning_rate_init': 0.0005}",0.09608817744461723,1,0.6624160887742937
ANN,多输出预测,3,"{'alpha': 1e-05, 'hidden_layer_sizes': (64,), 'learning_rate_init': 0.0005}",0.09643765266882823,2,0.6633785879031392
ANN,多输出预测,3,"{'alpha': 0.0001, 'hidden_layer_sizes': (64,), 'learning_rate_init': 0.0005}",0.09669432206953793,3,0.6636200829677218
ANN,多输出预测,3,"{'alpha': 0.01, 'hidden_layer_sizes': (128,), 'learning_rate_init': 0.0005}",0.10080099556506625,4,0.6988947785153611
ANN,多输出预测,3,"{'alpha': 0.0001, 'hidden_layer_sizes': (128,), 'learning_rate_init': 0.0005}",0.10256002024119548,5,0.7086170423708849
ANN,多输出预测,3,"{'alpha': 1e-05, 'hidden_layer_sizes': (128,), 'learning_rate_init': 0.0005}",0.10552243305092109,6,0.7111168855415011
ANN,多输出预测,3,"{'alpha': 0.01, 'hidden_layer_sizes': (128, 64), 'learning_rate_init': 0.0005}",0.10962628299019608,7,0.7127429472453112
ANN,多输出预测,3,"{'alpha': 0.01, 'hidden_layer_sizes': (256, 128), 'learning_rate_init': 0.01}",0.13295098814100523,8,0.7136830174630365
ANN,多输出预测,3,"{'alpha': 0.0001, 'hidden_layer_sizes': (128, 64), 'learning_rate_init': 0.0005}",0.1113394902440479,9,0.714541042307045
ANN,多输出预测,3,"{'alpha': 0.0001, 'hidden_layer_sizes': (256, 128), 'learning_rate_init': 0.01}",0.10578737833616553,10,0.7168485268114543
ANN,多输出预测,3,"{'alpha': 1e-05, 'hidden_layer_sizes': (128, 64), 'learning_rate_init': 0.0005}",0.1111701094897125,11,0.7189623232817292
ANN,多输出预测,3,"{'alpha': 1e-05, 'hidden_layer_sizes': (256, 128), 'learning_rate_init': 0.01}",0.1227064283419135,12,0.7189747243432062
ANN,多输出预测,3,"{'alpha': 0.01, 'hidden_layer_sizes': (64,), 'learning_rate_init': 0.001}",0.12186710979850535,13,0.7225870829365952
ANN,多输出预测,3,"{'alpha': 0.0001, 'hidden_layer_sizes': (64,), 'learning_rate_init': 0.001}",0.12147798617543046,14,0.7227854223893028
ANN,多输出预测,3,"{'alpha': 1e-05, 'hidden_layer_sizes': (256, 128), 'learning_rate_init': 0.0005}",0.11198157607448052,15,0.7233842220376768
ANN,多输出预测,3,"{'alpha': 0.01, 'hidden_layer_sizes': (128, 64), 'learning_rate_init': 0.001}",0.12502381986828373,16,0.7243800113447589
ANN,多输出预测,3,"{'alpha': 1e-05, 'hidden_layer_sizes': (64,), 'learning_rate_init': 0.001}",0.12427811454112721,17,0.727843005431915
ANN,多输出预测,3,"{'alpha': 1e-05, 'hidden_layer_sizes': (128, 64), 'learning_rate_init': 0.001}",0.12845024750267664,18,0.7278450786459049
ANN,多输出预测,3,"{'alpha': 0.0001, 'hidden_layer_sizes': (128, 64), 'learning_rate_init': 0.001}",0.1282037075443396,19,0.7279262665092099
ANN,多输出预测,3,"{'alpha': 0.0001, 'hidden_layer_sizes': (256, 128), 'learning_rate_init': 0.0005}",0.10937831358378973,20,0.7287544110701977
ANN,多输出预测,3,"{'alpha': 1e-05, 'hidden_layer_sizes': (128, 64), 'learning_rate_init': 0.01}",0.10916222936076952,21,0.7303965431304543
ANN,多输出预测,3,"{'alpha': 0.01, 'hidden_layer_sizes': (128,), 'learning_rate_init': 0.01}",0.159898915836872,22,0.7338799115261235
ANN,多输出预测,3,"{'alpha': 0.01, 'hidden_layer_sizes': (128,), 'learning_rate_init': 0.001}",0.10792874954346188,23,0.7346121162003308
ANN,多输出预测,3,"{'alpha': 0.01, 'hidden_layer_sizes': (256, 128), 'learning_rate_init': 0.0005}",0.11467636428458586,24,0.7355410595194781
ANN,多输出预测,3,"{'alpha': 1e-05, 'hidden_layer_sizes': (128,), 'learning_rate_init': 0.01}",0.1595905814373147,25,0.7372691004463575
ANN,多输出预测,3,"{'alpha': 0.01, 'hidden_layer_sizes': (128, 64), 'learning_rate_init': 0.01}",0.1219743373097077,26,0.7382378817986209
ANN,多输出预测,3,"{'alpha': 0.0001, 'hidden_layer_sizes': (128,), 'learning_rate_init': 0.01}",0.16449637888548113,27,0.7388982344369235
ANN,多输出预测,3,"{'alpha': 0.0001, 'hidden_layer_sizes': (128,), 'learning_rate_init': 0.001}",0.10231312841246705,28,0.7391263684008474
ANN,多输出预测,3,"{'alpha': 1e-05, 'hidden_layer_sizes': (128,), 'learning_rate_init': 0.001}",0.10200017603614588,29,0.7401399223520855
ANN,多输出预测,3,"{'alpha': 0.01, 'hidden_layer_sizes': (256, 128), 'learning_rate_init': 0.001}",0.12383033383708356,30,0.7451149024470286
ANN,多输出预测,3,"{'alpha': 0.0001, 'hidden_layer_sizes': (256, 128), 'learning_rate_init': 0.001}",0.13024393906344606,31,0.7542824840750951
ANN,多输出预测,3,"{'alpha': 1e-05, 'hidden_layer_sizes': (256, 128), 'learning_rate_init': 0.001}",0.12734276950100706,32,0.7576767998275032
ANN,多输出预测,3,"{'alpha': 0.0001, 'hidden_layer_sizes': (128, 64), 'learning_rate_init': 0.01}",0.12219334395563104,33,0.7612359086415476
ANN,多输出预测,3,"{'alpha': 0.01, 'hidden_layer_sizes': (64,), 'learning_rate_init': 0.01}",0.14242662449802285,34,0.7703749786609061
ANN,多输出预测,3,"{'alpha': 0.0001, 'hidden_layer_sizes': (64,), 'learning_rate_init': 0.01}",0.15502617509443062,35,0.7810162662964572
ANN,多输出预测,3,"{'alpha': 1e-05, 'hidden_layer_sizes': (64,), 'learning_rate_init': 0.01}",0.1625990931311015,36,0.7833746551168574
ANN,多输出预测,4,"{'alpha': 0.01, 'hidden_layer_sizes': (64,), 'learning_rate_init': 0.0005}",0.09608817744461723,1,0.6624160887742937
ANN,多输出预测,4,"{'alpha': 1e-05, 'hidden_layer_sizes': (64,), 'learning_rate_init': 0.0005}",0.09643765266882823,2,0.6633785879031392
ANN,多输出预测,4,"{'alpha': 0.0001, 'hidden_layer_sizes': (64,), 'learning_rate_init': 0.0005}",0.09669432206953793,3,0.6636200829677218
ANN,多输出预测,4,"{'alpha': 0.01, 'hidden_layer_sizes': (128,), 'learning_rate_init': 0.0005}",0.10080099556506625,4,0.6988947785153611
ANN,多输出预测,4,"{'alpha': 0.0001, 'hidden_layer_sizes': (128,), 'learning_rate_init': 0.0005}",0.10256002024119548,5,0.7086170423708849
ANN,多输出预测,4,"{'alpha': 1e-05, 'hidden_layer_sizes': (128,), 'learning_rate_init': 0.0005}",0.10552243305092109,6,0.7111168855415011
ANN,多输出预测,4,"{'alpha': 0.01, 'hidden_layer_sizes': (128, 64), 'learning_rate_init': 0.0005}",0.10962628299019608,7,0.7127429472453112
ANN,多输出预测,4,"{'alpha': 0.01, 'hidden_layer_sizes': (256, 128), 'learning_rate_init': 0.01}",0.13295098814100523,8,0.7136830174630365
ANN,多输出预测,4,"{'alpha': 0.0001, 'hidden_layer_sizes': (128, 64), 'learning_rate_init': 0.0005}",0.1113394902440479,9,0.714541042307045
ANN,多输出预测,4,"{'alpha': 0.0001, 'hidden_layer_sizes': (256, 128), 'learning_rate_init': 0.01}",0.10578737833616553,10,0.7168485268114543
ANN,多输出预测,4,"{'alpha': 1e-05, 'hidden_layer_sizes': (128, 64), 'learning_rate_init': 0.0005}",0.1111701094897125,11,0.7189623232817292
ANN,多输出预测,4,"{'alpha': 1e-05, 'hidden_layer_sizes': (256, 128), 'learning_rate_init': 0.01}",0.1227064283419135,12,0.7189747243432062
ANN,多输出预测,4,"{'alpha': 0.01, 'hidden_layer_sizes': (64,), 'learning_rate_init': 0.001}",0.12186710979850535,13,0.7225870829365952
ANN,多输出预测,4,"{'alpha': 0.0001, 'hidden_layer_sizes': (64,), 'learning_rate_init': 0.001}",0.12147798617543046,14,0.7227854223893028
ANN,多输出预测,4,"{'alpha': 1e-05, 'hidden_layer_sizes': (256, 128), 'learning_rate_init': 0.0005}",0.11198157607448052,15,0.7233842220376768
ANN,多输出预测,4,"{'alpha': 0.01, 'hidden_layer_sizes': (128, 64), 'learning_rate_init': 0.001}",0.12502381986828373,16,0.7243800113447589
ANN,多输出预测,4,"{'alpha': 1e-05, 'hidden_layer_sizes': (64,), 'learning_rate_init': 0.001}",0.12427811454112721,17,0.727843005431915
ANN,多输出预测,4,"{'alpha': 1e-05, 'hidden_layer_sizes': (128, 64), 'learning_rate_init': 0.001}",0.12845024750267664,18,0.7278450786459049
ANN,多输出预测,4,"{'alpha': 0.0001, 'hidden_layer_sizes': (128, 64), 'learning_rate_init': 0.001}",0.1282037075443396,19,0.7279262665092099
ANN,多输出预测,4,"{'alpha': 0.0001, 'hidden_layer_sizes': (256, 128), 'learning_rate_init': 0.0005}",0.10937831358378973,20,0.7287544110701977
ANN,多输出预测,4,"{'alpha': 1e-05, 'hidden_layer_sizes': (128, 64), 'learning_rate_init': 0.01}",0.10916222936076952,21,0.7303965431304543
ANN,多输出预测,4,"{'alpha': 0.01, 'hidden_layer_sizes': (128,), 'learning_rate_init': 0.01}",0.159898915836872,22,0.7338799115261235
ANN,多输出预测,4,"{'alpha': 0.01, 'hidden_layer_sizes': (128,), 'learning_rate_init': 0.001}",0.10792874954346188,23,0.7346121162003308
ANN,多输出预测,4,"{'alpha': 0.01, 'hidden_layer_sizes': (256, 128), 'learning_rate_init': 0.0005}",0.11467636428458586,24,0.7355410595194781
ANN,多输出预测,4,"{'alpha': 1e-05, 'hidden_layer_sizes': (128,), 'learning_rate_init': 0.01}",0.1595905814373147,25,0.7372691004463575
ANN,多输出预测,4,"{'alpha': 0.01, 'hidden_layer_sizes': (128, 64), 'learning_rate_init': 0.01}",0.1219743373097077,26,0.7382378817986209
ANN,多输出预测,4,"{'alpha': 0.0001, 'hidden_layer_sizes': (128,), 'learning_rate_init': 0.01}",0.16449637888548113,27,0.7388982344369235
ANN,多输出预测,4,"{'alpha': 0.0001, 'hidden_layer_sizes': (128,), 'learning_rate_init': 0.001}",0.10231312841246705,28,0.7391263684008474
ANN,多输出预测,4,"{'alpha': 1e-05, 'hidden_layer_sizes': (128,), 'learning_rate_init': 0.001}",0.10200017603614588,29,0.7401399223520855
ANN,多输出预测,4,"{'alpha': 0.01, 'hidden_layer_sizes': (256, 128), 'learning_rate_init': 0.001}",0.12383033383708356,30,0.7451149024470286
ANN,多输出预测,4,"{'alpha': 0.0001, 'hidden_layer_sizes': (256, 128), 'learning_rate_init': 0.001}",0.13024393906344606,31,0.7542824840750951
ANN,多输出预测,4,"{'alpha': 1e-05, 'hidden_layer_sizes': (256, 128), 'learning_rate_init': 0.001}",0.12734276950100706,32,0.7576767998275032
ANN,多输出预测,4,"{'alpha': 0.0001, 'hidden_layer_sizes': (128, 64), 'learning_rate_init': 0.01}",0.12219334395563104,33,0.7612359086415476
ANN,多输出预测,4,"{'alpha': 0.01, 'hidden_layer_sizes': (64,), 'learning_rate_init': 0.01}",0.14242662449802285,34,0.7703749786609061
ANN,多输出预测,4,"{'alpha': 0.0001, 'hidden_layer_sizes': (64,), 'learning_rate_init': 0.01}",0.15502617509443062,35,0.7810162662964572
ANN,多输出预测,4,"{'alpha': 1e-05, 'hidden_layer_sizes': (64,), 'learning_rate_init': 0.01}",0.1625990931311015,36,0.7833746551168574
ANN,多输出预测,5,"{'alpha': 0.01, 'hidden_layer_sizes': (64,), 'learning_rate_init': 0.0005}",0.09608817744461723,1,0.6624160887742937
ANN,多输出预测,5,"{'alpha': 1e-05, 'hidden_layer_sizes': (64,), 'learning_rate_init': 0.0005}",0.09643765266882823,2,0.6633785879031392
ANN,多输出预测,5,"{'alpha': 0.0001, 'hidden_layer_sizes': (64,), 'learning_rate_init': 0.0005}",0.09669432206953793,3,0.6636200829677218
ANN,多输出预测,5,"{'alpha': 0.01, 'hidden_layer_sizes': (128,), 'learning_rate_init': 0.0005}",0.10080099556506625,4,0.6988947785153611
ANN,多输出预测,5,"{'alpha': 0.0001, 'hidden_layer_sizes': (128,), 'learning_rate_init': 0.0005}",0.10256002024119548,5,0.7086170423708849
ANN,多输出预测,5,"{'alpha': 1e-05, 'hidden_layer_sizes': (128,), 'learning_rate_init': 0.0005}",0.10552243305092109,6,0.7111168855415011
ANN,多输出预测,5,"{'alpha': 0.01, 'hidden_layer_sizes': (128, 64), 'learning_rate_init': 0.0005}",0.10962628299019608,7,0.7127429472453112
ANN,多输出预测,5,"{'alpha': 0.01, 'hidden_layer_sizes': (256, 128), 'learning_rate_init': 0.01}",0.13295098814100523,8,0.7136830174630365
ANN,多输出预测,5,"{'alpha': 0.0001, 'hidden_layer_sizes': (128, 64), 'learning_rate_init': 0.0005}",0.1113394902440479,9,0.714541042307045
ANN,多输出预测,5,"{'alpha': 0.0001, 'hidden_layer_sizes': (256, 128), 'learning_rate_init': 0.01}",0.10578737833616553,10,0.7168485268114543
ANN,多输出预测,5,"{'alpha': 1e-05, 'hidden_layer_sizes': (128, 64), 'learning_rate_init': 0.0005}",0.1111701094897125,11,0.7189623232817292
ANN,多输出预测,5,"{'alpha': 1e-05, 'hidden_layer_sizes': (256, 128), 'learning_rate_init': 0.01}",0.1227064283419135,12,0.7189747243432062
ANN,多输出预测,5,"{'alpha': 0.01, 'hidden_layer_sizes': (64,), 'learning_rate_init': 0.001}",0.12186710979850535,13,0.7225870829365952
ANN,多输出预测,5,"{'alpha': 0.0001, 'hidden_layer_sizes': (64,), 'learning_rate_init': 0.001}",0.12147798617543046,14,0.7227854223893028
ANN,多输出预测,5,"{'alpha': 1e-05, 'hidden_layer_sizes': (256, 128), 'learning_rate_init': 0.0005}",0.11198157607448052,15,0.7233842220376768
ANN,多输出预测,5,"{'alpha': 0.01, 'hidden_layer_sizes': (128, 64), 'learning_rate_init': 0.001}",0.12502381986828373,16,0.7243800113447589
ANN,多输出预测,5,"{'alpha': 1e-05, 'hidden_layer_sizes': (64,), 'learning_rate_init': 0.001}",0.12427811454112721,17,0.727843005431915
ANN,多输出预测,5,"{'alpha': 1e-05, 'hidden_layer_sizes': (128, 64), 'learning_rate_init': 0.001}",0.12845024750267664,18,0.7278450786459049
ANN,多输出预测,5,"{'alpha': 0.0001, 'hidden_layer_sizes': (128, 64), 'learning_rate_init': 0.001}",0.1282037075443396,19,0.7279262665092099
ANN,多输出预测,5,"{'alpha': 0.0001, 'hidden_layer_sizes': (256, 128), 'learning_rate_init': 0.0005}",0.10937831358378973,20,0.7287544110701977
ANN,多输出预测,5,"{'alpha': 1e-05, 'hidden_layer_sizes': (128, 64), 'learning_rate_init': 0.01}",0.10916222936076952,21,0.7303965431304543
ANN,多输出预测,5,"{'alpha': 0.01, 'hidden_layer_sizes': (128,), 'learning_rate_init': 0.01}",0.159898915836872,22,0.7338799115261235
ANN,多输出预测,5,"{'alpha': 0.01, 'hidden_layer_sizes': (128,), 'learning_rate_init': 0.001}",0.10792874954346188,23,0.7346121162003308
ANN,多输出预测,5,"{'alpha': 0.01, 'hidden_layer_sizes': (256, 128), 'learning_rate_init': 0.0005}",0.11467636428458586,24,0.7355410595194781
ANN,多输出预测,5,"{'alpha': 1e-05, 'hidden_layer_sizes': (128,), 'learning_rate_init': 0.01}",0.1595905814373147,25,0.7372691004463575
ANN,多输出预测,5,"{'alpha': 0.01, 'hidden_layer_sizes': (128, 64), 'learning_rate_init': 0.01}",0.1219743373097077,26,0.7382378817986209
ANN,多输出预测,5,"{'alpha': 0.0001, 'hidden_layer_sizes': (128,), 'learning_rate_init': 0.01}",0.16449637888548113,27,0.7388982344369235
ANN,多输出预测,5,"{'alpha': 0.0001, 'hidden_layer_sizes': (128,), 'learning_rate_init': 0.001}",0.10231312841246705,28,0.7391263684008474
ANN,多输出预测,5,"{'alpha': 1e-05, 'hidden_layer_sizes': (128,), 'learning_rate_init': 0.001}",0.10200017603614588,29,0.7401399223520855
ANN,多输出预测,5,"{'alpha': 0.01, 'hidden_layer_sizes': (256, 128), 'learning_rate_init': 0.001}",0.12383033383708356,30,0.7451149024470286
ANN,多输出预测,5,"{'alpha': 0.0001, 'hidden_layer_sizes': (256, 128), 'learning_rate_init': 0.001}",0.13024393906344606,31,0.7542824840750951
ANN,多输出预测,5,"{'alpha': 1e-05, 'hidden_layer_sizes': (256, 128), 'learning_rate_init': 0.001}",0.12734276950100706,32,0.7576767998275032
ANN,多输出预测,5,"{'alpha': 0.0001, 'hidden_layer_sizes': (128, 64), 'learning_rate_init': 0.01}",0.12219334395563104,33,0.7612359086415476
ANN,多输出预测,5,"{'alpha': 0.01, 'hidden_layer_sizes': (64,), 'learning_rate_init': 0.01}",0.14242662449802285,34,0.7703749786609061
ANN,多输出预测,5,"{'alpha': 0.0001, 'hidden_layer_sizes': (64,), 'learning_rate_init': 0.01}",0.15502617509443062,35,0.7810162662964572
ANN,多输出预测,5,"{'alpha': 1e-05, 'hidden_layer_sizes': (64,), 'learning_rate_init': 0.01}",0.1625990931311015,36,0.7833746551168574
ANN,多输出预测,6,"{'alpha': 0.01, 'hidden_layer_sizes': (64,), 'learning_rate_init': 0.0005}",0.09608817744461723,1,0.6624160887742937
ANN,多输出预测,6,"{'alpha': 1e-05, 'hidden_layer_sizes': (64,), 'learning_rate_init': 0.0005}",0.09643765266882823,2,0.6633785879031392
ANN,多输出预测,6,"{'alpha': 0.0001, 'hidden_layer_sizes': (64,), 'learning_rate_init': 0.0005}",0.09669432206953793,3,0.6636200829677218
ANN,多输出预测,6,"{'alpha': 0.01, 'hidden_layer_sizes': (128,), 'learning_rate_init': 0.0005}",0.10080099556506625,4,0.6988947785153611
ANN,多输出预测,6,"{'alpha': 0.0001, 'hidden_layer_sizes': (128,), 'learning_rate_init': 0.0005}",0.10256002024119548,5,0.7086170423708849
ANN,多输出预测,6,"{'alpha': 1e-05, 'hidden_layer_sizes': (128,), 'learning_rate_init': 0.0005}",0.10552243305092109,6,0.7111168855415011
ANN,多输出预测,6,"{'alpha': 0.01, 'hidden_layer_sizes': (128, 64), 'learning_rate_init': 0.0005}",0.10962628299019608,7,0.7127429472453112
ANN,多输出预测,6,"{'alpha': 0.01, 'hidden_layer_sizes': (256, 128), 'learning_rate_init': 0.01}",0.13295098814100523,8,0.7136830174630365
ANN,多输出预测,6,"{'alpha': 0.0001, 'hidden_layer_sizes': (128, 64), 'learning_rate_init': 0.0005}",0.1113394902440479,9,0.714541042307045
ANN,多输出预测,6,"{'alpha': 0.0001, 'hidden_layer_sizes': (256, 128), 'learning_rate_init': 0.01}",0.10578737833616553,10,0.7168485268114543
ANN,多输出预测,6,"{'alpha': 1e-05, 'hidden_layer_sizes': (128, 64), 'learning_rate_init': 0.0005}",0.1111701094897125,11,0.7189623232817292
ANN,多输出预测,6,"{'alpha': 1e-05, 'hidden_layer_sizes': (256, 128), 'learning_rate_init': 0.01}",0.1227064283419135,12,0.7189747243432062
ANN,多输出预测,6,"{'alpha': 0.01, 'hidden_layer_sizes': (64,), 'learning_rate_init': 0.001}",0.12186710979850535,13,0.7225870829365952
ANN,多输出预测,6,"{'alpha': 0.0001, 'hidden_layer_sizes': (64,), 'learning_rate_init': 0.001}",0.12147798617543046,14,0.7227854223893028
ANN,多输出预测,6,"{'alpha': 1e-05, 'hidden_layer_sizes': (256, 128), 'learning_rate_init': 0.0005}",0.11198157607448052,15,0.7233842220376768
ANN,多输出预测,6,"{'alpha': 0.01, 'hidden_layer_sizes': (128, 64), 'learning_rate_init': 0.001}",0.12502381986828373,16,0.7243800113447589
ANN,多输出预测,6,"{'alpha': 1e-05, 'hidden_layer_sizes': (64,), 'learning_rate_init': 0.001}",0.12427811454112721,17,0.727843005431915
ANN,多输出预测,6,"{'alpha': 1e-05, 'hidden_layer_sizes': (128, 64), 'learning_rate_init': 0.001}",0.12845024750267664,18,0.7278450786459049
ANN,多输出预测,6,"{'alpha': 0.0001, 'hidden_layer_sizes': (128, 64), 'learning_rate_init': 0.001}",0.1282037075443396,19,0.7279262665092099
ANN,多输出预测,6,"{'alpha': 0.0001, 'hidden_layer_sizes': (256, 128), 'learning_rate_init': 0.0005}",0.10937831358378973,20,0.7287544110701977
ANN,多输出预测,6,"{'alpha': 1e-05, 'hidden_layer_sizes': (128, 64), 'learning_rate_init': 0.01}",0.10916222936076952,21,0.7303965431304543
ANN,多输出预测,6,"{'alpha': 0.01, 'hidden_layer_sizes': (128,), 'learning_rate_init': 0.01}",0.159898915836872,22,0.7338799115261235
ANN,多输出预测,6,"{'alpha': 0.01, 'hidden_layer_sizes': (128,), 'learning_rate_init': 0.001}",0.10792874954346188,23,0.7346121162003308
ANN,多输出预测,6,"{'alpha': 0.01, 'hidden_layer_sizes': (256, 128), 'learning_rate_init': 0.0005}",0.11467636428458586,24,0.7355410595194781
ANN,多输出预测,6,"{'alpha': 1e-05, 'hidden_layer_sizes': (128,), 'learning_rate_init': 0.01}",0.1595905814373147,25,0.7372691004463575
ANN,多输出预测,6,"{'alpha': 0.01, 'hidden_layer_sizes': (128, 64), 'learning_rate_init': 0.01}",0.1219743373097077,26,0.7382378817986209
ANN,多输出预测,6,"{'alpha': 0.0001, 'hidden_layer_sizes': (128,), 'learning_rate_init': 0.01}",0.16449637888548113,27,0.7388982344369235
ANN,多输出预测,6,"{'alpha': 0.0001, 'hidden_layer_sizes': (128,), 'learning_rate_init': 0.001}",0.10231312841246705,28,0.7391263684008474
ANN,多输出预测,6,"{'alpha': 1e-05, 'hidden_layer_sizes': (128,), 'learning_rate_init': 0.001}",0.10200017603614588,29,0.7401399223520855
ANN,多输出预测,6,"{'alpha': 0.01, 'hidden_layer_sizes': (256, 128), 'learning_rate_init': 0.001}",0.12383033383708356,30,0.7451149024470286
ANN,多输出预测,6,"{'alpha': 0.0001, 'hidden_layer_sizes': (256, 128), 'learning_rate_init': 0.001}",0.13024393906344606,31,0.7542824840750951
ANN,多输出预测,6,"{'alpha': 1e-05, 'hidden_layer_sizes': (256, 128), 'learning_rate_init': 0.001}",0.12734276950100706,32,0.7576767998275032
ANN,多输出预测,6,"{'alpha': 0.0001, 'hidden_layer_sizes': (128, 64), 'learning_rate_init': 0.01}",0.12219334395563104,33,0.7612359086415476
ANN,多输出预测,6,"{'alpha': 0.01, 'hidden_layer_sizes': (64,), 'learning_rate_init': 0.01}",0.14242662449802285,34,0.7703749786609061
ANN,多输出预测,6,"{'alpha': 0.0001, 'hidden_layer_sizes': (64,), 'learning_rate_init': 0.01}",0.15502617509443062,35,0.7810162662964572
ANN,多输出预测,6,"{'alpha': 1e-05, 'hidden_layer_sizes': (64,), 'learning_rate_init': 0.01}",0.1625990931311015,36,0.7833746551168574
ANN,多输出预测,7,"{'alpha': 0.01, 'hidden_layer_sizes': (64,), 'learning_rate_init': 0.0005}",0.09608817744461723,1,0.6624160887742937
ANN,多输出预测,7,"{'alpha': 1e-05, 'hidden_layer_sizes': (64,), 'learning_rate_init': 0.0005}",0.09643765266882823,2,0.6633785879031392
ANN,多输出预测,7,"{'alpha': 0.0001, 'hidden_layer_sizes': (64,), 'learning_rate_init': 0.0005}",0.09669432206953793,3,0.6636200829677218
ANN,多输出预测,7,"{'alpha': 0.01, 'hidden_layer_sizes': (128,), 'learning_rate_init': 0.0005}",0.10080099556506625,4,0.6988947785153611
ANN,多输出预测,7,"{'alpha': 0.0001, 'hidden_layer_sizes': (128,), 'learning_rate_init': 0.0005}",0.10256002024119548,5,0.7086170423708849
ANN,多输出预测,7,"{'alpha': 1e-05, 'hidden_layer_sizes': (128,), 'learning_rate_init': 0.0005}",0.10552243305092109,6,0.7111168855415011
ANN,多输出预测,7,"{'alpha': 0.01, 'hidden_layer_sizes': (128, 64), 'learning_rate_init': 0.0005}",0.10962628299019608,7,0.7127429472453112
ANN,多输出预测,7,"{'alpha': 0.01, 'hidden_layer_sizes': (256, 128), 'learning_rate_init': 0.01}",0.13295098814100523,8,0.7136830174630365
ANN,多输出预测,7,"{'alpha': 0.0001, 'hidden_layer_sizes': (128, 64), 'learning_rate_init': 0.0005}",0.1113394902440479,9,0.714541042307045
ANN,多输出预测,7,"{'alpha': 0.0001, 'hidden_layer_sizes': (256, 128), 'learning_rate_init': 0.01}",0.10578737833616553,10,0.7168485268114543
ANN,多输出预测,7,"{'alpha': 1e-05, 'hidden_layer_sizes': (128, 64), 'learning_rate_init': 0.0005}",0.1111701094897125,11,0.7189623232817292
ANN,多输出预测,7,"{'alpha': 1e-05, 'hidden_layer_sizes': (256, 128), 'learning_rate_init': 0.01}",0.1227064283419135,12,0.7189747243432062
ANN,多输出预测,7,"{'alpha': 0.01, 'hidden_layer_sizes': (64,), 'learning_rate_init': 0.001}",0.12186710979850535,13,0.7225870829365952
ANN,多输出预测,7,"{'alpha': 0.0001, 'hidden_layer_sizes': (64,), 'learning_rate_init': 0.001}",0.12147798617543046,14,0.7227854223893028
ANN,多输出预测,7,"{'alpha': 1e-05, 'hidden_layer_sizes': (256, 128), 'learning_rate_init': 0.0005}",0.11198157607448052,15,0.7233842220376768
ANN,多输出预测,7,"{'alpha': 0.01, 'hidden_layer_sizes': (128, 64), 'learning_rate_init': 0.001}",0.12502381986828373,16,0.7243800113447589
ANN,多输出预测,7,"{'alpha': 1e-05, 'hidden_layer_sizes': (64,), 'learning_rate_init': 0.001}",0.12427811454112721,17,0.727843005431915
ANN,多输出预测,7,"{'alpha': 1e-05, 'hidden_layer_sizes': (128, 64), 'learning_rate_init': 0.001}",0.12845024750267664,18,0.7278450786459049
ANN,多输出预测,7,"{'alpha': 0.0001, 'hidden_layer_sizes': (128, 64), 'learning_rate_init': 0.001}",0.1282037075443396,19,0.7279262665092099
ANN,多输出预测,7,"{'alpha': 0.0001, 'hidden_layer_sizes': (256, 128), 'learning_rate_init': 0.0005}",0.10937831358378973,20,0.7287544110701977
ANN,多输出预测,7,"{'alpha': 1e-05, 'hidden_layer_sizes': (128, 64), 'learning_rate_init': 0.01}",0.10916222936076952,21,0.7303965431304543
ANN,多输出预测,7,"{'alpha': 0.01, 'hidden_layer_sizes': (128,), 'learning_rate_init': 0.01}",0.159898915836872,22,0.7338799115261235
ANN,多输出预测,7,"{'alpha': 0.01, 'hidden_layer_sizes': (128,), 'learning_rate_init': 0.001}",0.10792874954346188,23,0.7346121162003308
ANN,多输出预测,7,"{'alpha': 0.01, 'hidden_layer_sizes': (256, 128), 'learning_rate_init': 0.0005}",0.11467636428458586,24,0.7355410595194781
ANN,多输出预测,7,"{'alpha': 1e-05, 'hidden_layer_sizes': (128,), 'learning_rate_init': 0.01}",0.1595905814373147,25,0.7372691004463575
ANN,多输出预测,7,"{'alpha': 0.01, 'hidden_layer_sizes': (128, 64), 'learning_rate_init': 0.01}",0.1219743373097077,26,0.7382378817986209
ANN,多输出预测,7,"{'alpha': 0.0001, 'hidden_layer_sizes': (128,), 'learning_rate_init': 0.01}",0.16449637888548113,27,0.7388982344369235
ANN,多输出预测,7,"{'alpha': 0.0001, 'hidden_layer_sizes': (128,), 'learning_rate_init': 0.001}",0.10231312841246705,28,0.7391263684008474
ANN,多输出预测,7,"{'alpha': 1e-05, 'hidden_layer_sizes': (128,), 'learning_rate_init': 0.001}",0.10200017603614588,29,0.7401399223520855
ANN,多输出预测,7,"{'alpha': 0.01, 'hidden_layer_sizes': (256, 128), 'learning_rate_init': 0.001}",0.12383033383708356,30,0.7451149024470286
ANN,多输出预测,7,"{'alpha': 0.0001, 'hidden_layer_sizes': (256, 128), 'learning_rate_init': 0.001}",0.13024393906344606,31,0.7542824840750951
ANN,多输出预测,7,"{'alpha': 1e-05, 'hidden_layer_sizes': (256, 128), 'learning_rate_init': 0.001}",0.12734276950100706,32,0.7576767998275032
ANN,多输出预测,7,"{'alpha': 0.0001, 'hidden_layer_sizes': (128, 64), 'learning_rate_init': 0.01}",0.12219334395563104,33,0.7612359086415476
ANN,多输出预测,7,"{'alpha': 0.01, 'hidden_layer_sizes': (64,), 'learning_rate_init': 0.01}",0.14242662449802285,34,0.7703749786609061
ANN,多输出预测,7,"{'alpha': 0.0001, 'hidden_layer_sizes': (64,), 'learning_rate_init': 0.01}",0.15502617509443062,35,0.7810162662964572
ANN,多输出预测,7,"{'alpha': 1e-05, 'hidden_layer_sizes': (64,), 'learning_rate_init': 0.01}",0.1625990931311015,36,0.7833746551168574
RF,多步直接预测,1,"{'max_depth': 10, 'min_samples_leaf': 5, 'n_estimators': 500}",0.03371531576202748,1,0.3531102875157736
RF,多步直接预测,1,"{'max_depth': 12, 'min_samples_leaf': 5, 'n_estimators': 500}",0.03307565655846211,2,0.35315632351430315
RF,多步直接预测,1,"{'max_depth': 15, 'min_samples_leaf': 5, 'n_estimators': 500}",0.03312796847968538,3,0.3531845673557104
RF,多步直接预测,1,"{'max_depth': None, 'min_samples_leaf': 5, 'n_estimators': 500}",0.033300389271554806,4,0.353306563890967
RF,多步直接预测,1,"{'max_depth': 20, 'min_samples_leaf': 5, 'n_estimators': 500}",0.033300389271554855,4,0.353306563890967
RF,多步直接预测,1,"{'max_depth': 25, 'min_samples_leaf': 5, 'n_estimators': 500}",0.033300389271554875,4,0.353306563890967
RF,多步直接预测,1,"{'max_depth': 10, 'min_samples_leaf': 5, 'n_estimators': 400}",0.03302695338317885,7,0.35348624681772484
RF,多步直接预测,1,"{'max_depth': 12, 'min_samples_leaf': 5, 'n_estimators': 200}",0.03303905343366202,8,0.35351948795024096
RF,多步直接预测,1,"{'max_depth': 15, 'min_samples_leaf': 5, 'n_estimators': 200}",0.03309487757865413,9,0.35355656568613797
RF,多步直接预测,1,"{'max_depth': 20, 'min_samples_leaf': 5, 'n_estimators': 200}",0.03323425046787365,10,0.35365524405620447
RF,多步直接预测,1,"{'max_depth': 25, 'min_samples_leaf': 5, 'n_estimators': 200}",0.03323425046787365,10,0.35365524405620447
RF,多步直接预测,1,"{'max_depth': None, 'min_samples_leaf': 5, 'n_estimators': 200}",0.03323425046787365,10,0.35365524405620447
RF,多步直接预测,1,"{'max_depth': 12, 'min_samples_leaf': 5, 'n_estimators': 400}",0.03296644969386023,13,0.3537164739301
RF,多步直接预测,1,"{'max_depth': 10, 'min_samples_leaf': 5, 'n_estimators': 300}",0.032804168818247326,14,0.3539193751358168
RF,多步直接预测,1,"{'max_depth': 15, 'min_samples_leaf': 5, 'n_estimators': 400}",0.03329180178939624,15,0.3539546013596612
RF,多步直接预测,1,"{'max_depth': None, 'min_samples_leaf': 5, 'n_estimators': 400}",0.03342023300658327,16,0.3540454574486816
RF,多步直接预测,1,"{'max_depth': 20, 'min_samples_leaf': 5, 'n_estimators': 400}",0.03342023300658327,16,0.3540454574486816
RF,多步直接预测,1,"{'max_depth': 25, 'min_samples_leaf': 5, 'n_estimators': 400}",0.033420233006583255,16,0.3540454574486816
RF,多步直接预测,1,"{'max_depth': 10, 'min_samples_leaf': 5, 'n_estimators': 200}",0.033813356525867554,19,0.3542026199997322
RF,多步直接预测,1,"{'max_depth': 12, 'min_samples_leaf': 5, 'n_estimators': 300}",0.033091561633794786,20,0.35432853964050576
RF,多步直接预测,1,"{'max_depth': 15, 'min_samples_leaf': 5, 'n_estimators': 300}",0.033214193472167,21,0.35448962237591175
RF,多步直接预测,1,"{'max_depth': 25, 'min_samples_leaf': 5, 'n_estimators': 300}",0.0333855377936767,22,0.3546108942877084
RF,多步直接预测,1,"{'max_depth': 20, 'min_samples_leaf': 5, 'n_estimators': 300}",0.0333855377936767,22,0.3546108942877084
RF,多步直接预测,1,"{'max_depth': None, 'min_samples_leaf': 5, 'n_estimators': 300}",0.0333855377936767,22,0.3546108942877084
RF,多步直接预测,1,"{'max_depth': 10, 'min_samples_leaf': 3, 'n_estimators': 200}",0.029255850286999046,25,0.3554647942182156
RF,多步直接预测,1,"{'max_depth': 12, 'min_samples_leaf': 3, 'n_estimators': 500}",0.028627940089126083,26,0.3555216694589764
RF,多步直接预测,1,"{'max_depth': None, 'min_samples_leaf': 3, 'n_estimators': 200}",0.02877715689528395,27,0.3556578501682191
RF,多步直接预测,1,"{'max_depth': 25, 'min_samples_leaf': 3, 'n_estimators': 200}",0.02877715689528394,27,0.3556578501682191
RF,多步直接预测,1,"{'max_depth': 20, 'min_samples_leaf': 3, 'n_estimators': 200}",0.02877715689528395,27,0.3556578501682191
RF,多步直接预测,1,"{'max_depth': 12, 'min_samples_leaf': 3, 'n_estimators': 400}",0.02822765449039989,30,0.3557169354165068
RF,多步直接预测,1,"{'max_depth': 12, 'min_samples_leaf': 3, 'n_estimators': 200}",0.02851615974601817,31,0.35572943293002607
RF,多步直接预测,1,"{'max_depth': 15, 'min_samples_leaf': 3, 'n_estimators': 500}",0.028588683708101952,32,0.355737391720986
RF,多步直接预测,1,"{'max_depth': 15, 'min_samples_leaf': 3, 'n_estimators': 200}",0.02890583803253908,33,0.3558340895303282
RF,多步直接预测,1,"{'max_depth': 10, 'min_samples_leaf': 3, 'n_estimators': 500}",0.029074547914957043,34,0.3559209345724317
RF,多步直接预测,1,"{'max_depth': 25, 'min_samples_leaf': 3, 'n_estimators': 500}",0.028665793675728905,35,0.35605470843099557
RF,多步直接预测,1,"{'max_depth': 20, 'min_samples_leaf': 3, 'n_estimators': 500}",0.028665793675728905,35,0.35605470843099557
RF,多步直接预测,1,"{'max_depth': None, 'min_samples_leaf': 3, 'n_estimators': 500}",0.028665793675728905,35,0.35605470843099557
RF,多步直接预测,1,"{'max_depth': 15, 'min_samples_leaf': 3, 'n_estimators': 400}",0.028127481301810926,38,0.3562998364769177
RF,多步直接预测,1,"{'max_depth': 12, 'min_samples_leaf': 3, 'n_estimators': 300}",0.028030848364581154,39,0.35645230151276214
RF,多步直接预测,1,"{'max_depth': 10, 'min_samples_leaf': 3, 'n_estimators': 400}",0.0285308326106146,40,0.35646121830893934
RF,多步直接预测,1,"{'max_depth': None, 'min_samples_leaf': 3, 'n_estimators': 400}",0.028260624567689692,41,0.35654572825852676
RF,多步直接预测,1,"{'max_depth': 25, 'min_samples_leaf': 3, 'n_estimators': 400}",0.02826062456768968,41,0.35654572825852676
RF,多步直接预测,1,"{'max_depth': 20, 'min_samples_leaf': 3, 'n_estimators': 400}",0.02826062456768968,41,0.35654572825852676
RF,多步直接预测,1,"{'max_depth': 15, 'min_samples_leaf': 3, 'n_estimators': 300}",0.027674614856482996,44,0.3568200155580971
RF,多步直接预测,1,"{'max_depth': 25, 'min_samples_leaf': 3, 'n_estimators': 300}",0.027750669362508137,45,0.3569849316608727
RF,多步直接预测,1,"{'max_depth': None, 'min_samples_leaf': 3, 'n_estimators': 300}",0.027750669362508147,45,0.3569849316608727
RF,多步直接预测,1,"{'max_depth': 20, 'min_samples_leaf': 3, 'n_estimators': 300}",0.027750669362508112,45,0.3569849316608727
RF,多步直接预测,1,"{'max_depth': 10, 'min_samples_leaf': 3, 'n_estimators': 300}",0.028231443504309454,48,0.3580589718292582
RF,多步直接预测,1,"{'max_depth': 12, 'min_samples_leaf': 1, 'n_estimators': 200}",0.024111336512372364,49,0.3766743414141729
RF,多步直接预测,1,"{'max_depth': 20, 'min_samples_leaf': 1, 'n_estimators': 200}",0.023271743778400182,50,0.37718005551285283
RF,多步直接预测,1,"{'max_depth': 10, 'min_samples_leaf': 1, 'n_estimators': 200}",0.025617018617170893,51,0.37745493061987695
RF,多步直接预测,1,"{'max_depth': 25, 'min_samples_leaf': 1, 'n_estimators': 200}",0.021856727618017092,52,0.37753728089019783
RF,多步直接预测,1,"{'max_depth': None, 'min_samples_leaf': 1, 'n_estimators': 200}",0.02193180689017906,53,0.3776260474397493
RF,多步直接预测,1,"{'max_depth': 15, 'min_samples_leaf': 1, 'n_estimators': 200}",0.023748148616147765,54,0.37786413966815374
RF,多步直接预测,1,"{'max_depth': 20, 'min_samples_leaf': 1, 'n_estimators': 500}",0.024877886581695905,55,0.3787501184920772
RF,多步直接预测,1,"{'max_depth': 12, 'min_samples_leaf': 1, 'n_estimators': 400}",0.024531584738172057,56,0.3789651721233886
RF,多步直接预测,1,"{'max_depth': 10, 'min_samples_leaf': 1, 'n_estimators': 500}",0.026907014713058112,57,0.3790339283107877
RF,多步直接预测,1,"{'max_depth': 12, 'min_samples_leaf': 1, 'n_estimators': 500}",0.024952508269613413,58,0.3790830617353503
RF,多步直接预测,1,"{'max_depth': 25, 'min_samples_leaf': 1, 'n_estimators': 500}",0.02468015278576196,59,0.3792340386063895
RF,多步直接预测,1,"{'max_depth': None, 'min_samples_leaf': 1, 'n_estimators': 500}",0.02468934622462347,60,0.3792871102558925
RF,多步直接预测,1,"{'max_depth': 15, 'min_samples_leaf': 1, 'n_estimators': 500}",0.02415305496377166,61,0.3793336655631084
RF,多步直接预测,1,"{'max_depth': 20, 'min_samples_leaf': 1, 'n_estimators': 400}",0.025002895405168132,62,0.37949037429858506
RF,多步直接预测,1,"{'max_depth': 10, 'min_samples_leaf': 1, 'n_estimators': 400}",0.02763079158251476,63,0.37959059143547225
RF,多步直接预测,1,"{'max_depth': 12, 'min_samples_leaf': 1, 'n_estimators': 300}",0.025268825837936663,64,0.37963515406003046
RF,多步直接预测,1,"{'max_depth': 25, 'min_samples_leaf': 1, 'n_estimators': 400}",0.024608626513881685,65,0.37976428273678375
RF,多步直接预测,1,"{'max_depth': None, 'min_samples_leaf': 1, 'n_estimators': 400}",0.024644109767903356,66,0.3798195484969826
RF,多步直接预测,1,"{'max_depth': 15, 'min_samples_leaf': 1, 'n_estimators': 400}",0.024466491664724213,67,0.3799279785498053
RF,多步直接预测,1,"{'max_depth': 10, 'min_samples_leaf': 1, 'n_estimators': 300}",0.029069444962368244,68,0.3801310542170131
RF,多步直接预测,1,"{'max_depth': 20, 'min_samples_leaf': 1, 'n_estimators': 300}",0.025494979370171682,69,0.3810327934838969
RF,多步直接预测,1,"{'max_depth': 15, 'min_samples_leaf': 1, 'n_estimators': 300}",0.02528123355256879,70,0.38113187569283663
RF,多步直接预测,1,"{'max_depth': 25, 'min_samples_leaf': 1, 'n_estimators': 300}",0.024212530803589895,71,0.3811598240814977
RF,多步直接预测,1,"{'max_depth': None, 'min_samples_leaf': 1, 'n_estimators': 300}",0.02425791584766846,72,0.38123643101531296
RF,多步直接预测,2,"{'max_depth': 12, 'min_samples_leaf': 5, 'n_estimators': 200}",0.035133095456084396,1,0.4671932264700817
RF,多步直接预测,2,"{'max_depth': None, 'min_samples_leaf': 5, 'n_estimators': 300}",0.035626368237976415,2,0.4673024390904457
RF,多步直接预测,2,"{'max_depth': 20, 'min_samples_leaf': 5, 'n_estimators': 300}",0.03562636823797641,2,0.4673024390904457
RF,多步直接预测,2,"{'max_depth': 25, 'min_samples_leaf': 5, 'n_estimators': 300}",0.035626368237976415,2,0.4673024390904457
RF,多步直接预测,2,"{'max_depth': 12, 'min_samples_leaf': 5, 'n_estimators': 300}",0.03535427086230867,5,0.4673195339825477
RF,多步直接预测,2,"{'max_depth': 15, 'min_samples_leaf': 5, 'n_estimators': 300}",0.03588831522838152,6,0.46747181784490205
RF,多步直接预测,2,"{'max_depth': 12, 'min_samples_leaf': 5, 'n_estimators': 400}",0.035691152273583514,7,0.46748122539552317
RF,多步直接预测,2,"{'max_depth': 20, 'min_samples_leaf': 5, 'n_estimators': 400}",0.03613162472698947,8,0.46763768390316934
RF,多步直接预测,2,"{'max_depth': 25, 'min_samples_leaf': 5, 'n_estimators': 400}",0.03613162472698947,8,0.46763768390316934
RF,多步直接预测,2,"{'max_depth': None, 'min_samples_leaf': 5, 'n_estimators': 400}",0.03613162472698949,8,0.46763768390316934
RF,多步直接预测,2,"{'max_depth': 15, 'min_samples_leaf': 5, 'n_estimators': 400}",0.03626783638673281,11,0.46772089900932484
RF,多步直接预测,2,"{'max_depth': 10, 'min_samples_leaf': 5, 'n_estimators': 200}",0.034541467619195916,12,0.4678685485599372
RF,多步直接预测,2,"{'max_depth': 20, 'min_samples_leaf': 5, 'n_estimators': 200}",0.036198994013237354,13,0.46802946694254716
RF,多步直接预测,2,"{'max_depth': 25, 'min_samples_leaf': 5, 'n_estimators': 200}",0.03619899401323737,13,0.46802946694254716
RF,多步直接预测,2,"{'max_depth': None, 'min_samples_leaf': 5, 'n_estimators': 200}",0.03619899401323733,13,0.46802946694254716
RF,多步直接预测,2,"{'max_depth': 15, 'min_samples_leaf': 5, 'n_estimators': 200}",0.036447055447788756,16,0.4682063843986522
RF,多步直接预测,2,"{'max_depth': 10, 'min_samples_leaf': 5, 'n_estimators': 300}",0.0352343095668107,17,0.46828797950180423
RF,多步直接预测,2,"{'max_depth': 10, 'min_samples_leaf': 5, 'n_estimators': 400}",0.03566209564172019,18,0.4682966845145133
RF,多步直接预测,2,"{'max_depth': 12, 'min_samples_leaf': 5, 'n_estimators': 500}",0.03497410362696308,19,0.4684842846680673
RF,多步直接预测,2,"{'max_depth': None, 'min_samples_leaf': 5, 'n_estimators': 500}",0.035338883578523696,20,0.4685786232545805
RF,多步直接预测,2,"{'max_depth': 25, 'min_samples_leaf': 5, 'n_estimators': 500}",0.0353388835785237,20,0.4685786232545805
RF,多步直接预测,2,"{'max_depth': 20, 'min_samples_leaf': 5, 'n_estimators': 500}",0.0353388835785237,20,0.4685786232545805
RF,多步直接预测,2,"{'max_depth': 15, 'min_samples_leaf': 5, 'n_estimators': 500}",0.03550817650286132,23,0.4686892401100162
RF,多步直接预测,2,"{'max_depth': 10, 'min_samples_leaf': 5, 'n_estimators': 500}",0.035616262613464345,24,0.46938482456699443
RF,多步直接预测,2,"{'max_depth': 10, 'min_samples_leaf': 3, 'n_estimators': 300}",0.030027042232716544,25,0.48200532727551604
RF,多步直接预测,2,"{'max_depth': 10, 'min_samples_leaf': 3, 'n_estimators': 200}",0.029491900825550352,26,0.4824884274415287
RF,多步直接预测,2,"{'max_depth': 12, 'min_samples_leaf': 3, 'n_estimators': 300}",0.028802106235084158,27,0.4828405351510138
RF,多步直接预测,2,"{'max_depth': 10, 'min_samples_leaf': 3, 'n_estimators': 400}",0.02920869067604581,28,0.4832607579151027
RF,多步直接预测,2,"{'max_depth': 12, 'min_samples_leaf': 3, 'n_estimators': 200}",0.028068777486526596,29,0.4833075573680274
RF,多步直接预测,2,"{'max_depth': 20, 'min_samples_leaf': 3, 'n_estimators': 300}",0.0297617064973651,30,0.483534561900266
RF,多步直接预测,2,"{'max_depth': None, 'min_samples_leaf': 3, 'n_estimators': 300}",0.029799762468568407,31,0.48357023229621204
RF,多步直接预测,2,"{'max_depth': 25, 'min_samples_leaf': 3, 'n_estimators': 300}",0.029799762468568407,31,0.48357023229621204
RF,多步直接预测,2,"{'max_depth': 25, 'min_samples_leaf': 3, 'n_estimators': 400}",0.029990370801321258,33,0.48370084301316013
RF,多步直接预测,2,"{'max_depth': None, 'min_samples_leaf': 3, 'n_estimators': 400}",0.02999037080132129,33,0.48370084301316013
RF,多步直接预测,2,"{'max_depth': 20, 'min_samples_leaf': 3, 'n_estimators': 400}",0.03009037261816727,35,0.48379990911731047
RF,多步直接预测,2,"{'max_depth': 12, 'min_samples_leaf': 3, 'n_estimators': 400}",0.029342538642352072,36,0.48394095334875326
RF,多步直接预测,2,"{'max_depth': 15, 'min_samples_leaf': 3, 'n_estimators': 300}",0.030225894031745096,37,0.48415972789538914
RF,多步直接预测,2,"{'max_depth': 10, 'min_samples_leaf': 3, 'n_estimators': 500}",0.02918843596394858,38,0.48440433342550815
RF,多步直接预测,2,"{'max_depth': 15, 'min_samples_leaf': 3, 'n_estimators': 400}",0.030701415667814518,39,0.4847287565879117
RF,多步直接预测,2,"{'max_depth': None, 'min_samples_leaf': 3, 'n_estimators': 500}",0.030451429773940233,40,0.48535539202862443
RF,多步直接预测,2,"{'max_depth': 25, 'min_samples_leaf': 3, 'n_estimators': 500}",0.030451429773940233,40,0.48535539202862443
RF,多步直接预测,2,"{'max_depth': 20, 'min_samples_leaf': 3, 'n_estimators': 500}",0.030527182246,42,0.48543438957724305
RF,多步直接预测,2,"{'max_depth': 12, 'min_samples_leaf': 3, 'n_estimators': 500}",0.029975445413378658,43,0.48549418170640196
RF,多步直接预测,2,"{'max_depth': 20, 'min_samples_leaf': 3, 'n_estimators': 200}",0.029155591963446123,44,0.48581705270369224
RF,多步直接预测,2,"{'max_depth': 25, 'min_samples_leaf': 3, 'n_estimators': 200}",0.029209534291524553,45,0.4858653261609523
RF,多步直接预测,2,"{'max_depth': None, 'min_samples_leaf': 3, 'n_estimators': 200}",0.029209534291524553,45,0.4858653261609523
RF,多步直接预测,2,"{'max_depth': 15, 'min_samples_leaf': 3, 'n_estimators': 200}",0.030042811347193363,47,0.48602978111187994
RF,多步直接预测,2,"{'max_depth': 15, 'min_samples_leaf': 3, 'n_estimators': 500}",0.03126607668352852,48,0.4863533713800759
RF,多步直接预测,2,"{'max_depth': 12, 'min_samples_leaf': 1, 'n_estimators': 200}",0.05135689224056361,49,0.5196245941883214
RF,多步直接预测,2,"{'max_depth': 10, 'min_samples_leaf': 1, 'n_estimators': 200}",0.050200621635609795,50,0.5223706102979676
RF,多步直接预测,2,"{'max_depth': 12, 'min_samples_leaf': 1, 'n_estimators': 300}",0.05669113077222151,51,0.5243371079173881
RF,多步直接预测,2,"{'max_depth': 15, 'min_samples_leaf': 1, 'n_estimators': 200}",0.05363984440924047,52,0.5252793872299023
RF,多步直接预测,2,"{'max_depth': None, 'min_samples_leaf': 1, 'n_estimators': 200}",0.05359855483914241,53,0.5258758768859516
RF,多步直接预测,2,"{'max_depth': 25, 'min_samples_leaf': 1, 'n_estimators': 200}",0.05359315860733024,54,0.52594522791164
RF,多步直接预测,2,"{'max_depth': 12, 'min_samples_leaf': 1, 'n_estimators': 400}",0.0580060536866183,55,0.5265258612311371
RF,多步直接预测,2,"{'max_depth': 20, 'min_samples_leaf': 1, 'n_estimators': 200}",0.052211040484705304,56,0.5266679964658274
RF,多步直接预测,2,"{'max_depth': 10, 'min_samples_leaf': 1, 'n_estimators': 300}",0.0564222976908189,57,0.5267250145552765
RF,多步直接预测,2,"{'max_depth': 12, 'min_samples_leaf': 1, 'n_estimators': 500}",0.05851378878248989,58,0.5278402020744296
RF,多步直接预测,2,"{'max_depth': None, 'min_samples_leaf': 1, 'n_estimators': 300}",0.05762122547206691,59,0.5287202243360903
RF,多步直接预测,2,"{'max_depth': 25, 'min_samples_leaf': 1, 'n_estimators': 300}",0.05761563427503165,60,0.5287600778386291
RF,多步直接预测,2,"{'max_depth': 15, 'min_samples_leaf': 1, 'n_estimators': 300}",0.05843009290294211,61,0.5288586585130606
RF,多步直接预测,2,"{'max_depth': 10, 'min_samples_leaf': 1, 'n_estimators': 400}",0.05965140755405278,62,0.5293198990088043
RF,多步直接预测,2,"{'max_depth': 25, 'min_samples_leaf': 1, 'n_estimators': 500}",0.059306006948194684,63,0.5293443651329648
RF,多步直接预测,2,"{'max_depth': None, 'min_samples_leaf': 1, 'n_estimators': 500}",0.05926325983828643,64,0.5294449263581238
RF,多步直接预测,2,"{'max_depth': 20, 'min_samples_leaf': 1, 'n_estimators': 500}",0.05842603428001571,65,0.5296026556678788
RF,多步直接预测,2,"{'max_depth': 20, 'min_samples_leaf': 1, 'n_estimators': 300}",0.05643485489634053,66,0.5297082125831595
RF,多步直接预测,2,"{'max_depth': 15, 'min_samples_leaf': 1, 'n_estimators': 400}",0.059964921305117456,67,0.5297178937787517
RF,多步直接预测,2,"{'max_depth': 15, 'min_samples_leaf': 1, 'n_estimators': 500}",0.05942774425591136,68,0.5298751426278201
RF,多步直接预测,2,"{'max_depth': 25, 'min_samples_leaf': 1, 'n_estimators': 400}",0.059257549347227344,69,0.5300574189932417
RF,多步直接预测,2,"{'max_depth': None, 'min_samples_leaf': 1, 'n_estimators': 400}",0.059230041446357566,70,0.5301684693531624
RF,多步直接预测,2,"{'max_depth': 20, 'min_samples_leaf': 1, 'n_estimators': 400}",0.05857072520187926,71,0.5304005992493813
RF,多步直接预测,2,"{'max_depth': 10, 'min_samples_leaf': 1, 'n_estimators': 500}",0.06106730705064013,72,0.531305239405004
RF,多步直接预测,3,"{'max_depth': 10, 'min_samples_leaf': 5, 'n_estimators': 500}",0.03870834529506384,1,0.5320640108351282
RF,多步直接预测,3,"{'max_depth': 10, 'min_samples_leaf': 5, 'n_estimators': 400}",0.03768742881086172,2,0.5322563933247246
RF,多步直接预测,3,"{'max_depth': 10, 'min_samples_leaf': 5, 'n_estimators': 300}",0.037565392691313856,3,0.5327369852295017
RF,多步直接预测,3,"{'max_depth': 12, 'min_samples_leaf': 5, 'n_estimators': 300}",0.03873486367592461,4,0.5331862902128908
RF,多步直接预测,3,"{'max_depth': 20, 'min_samples_leaf': 5, 'n_estimators': 200}",0.038195123014729555,5,0.5332365030845301
RF,多步直接预测,3,"{'max_depth': None, 'min_samples_leaf': 5, 'n_estimators': 200}",0.038195123014729555,5,0.5332365030845301
RF,多步直接预测,3,"{'max_depth': 25, 'min_samples_leaf': 5, 'n_estimators': 200}",0.038195123014729535,5,0.5332365030845301
RF,多步直接预测,3,"{'max_depth': 12, 'min_samples_leaf': 5, 'n_estimators': 500}",0.03964615885860667,8,0.5332415688777392
RF,多步直接预测,3,"{'max_depth': 15, 'min_samples_leaf': 5, 'n_estimators': 200}",0.03851341062052487,9,0.5332952640038275
RF,多步直接预测,3,"{'max_depth': None, 'min_samples_leaf': 5, 'n_estimators': 300}",0.038817111447877466,10,0.5334604266643045
RF,多步直接预测,3,"{'max_depth': 25, 'min_samples_leaf': 5, 'n_estimators': 300}",0.038817111447877424,10,0.5334604266643045
RF,多步直接预测,3,"{'max_depth': 20, 'min_samples_leaf': 5, 'n_estimators': 300}",0.038817111447877424,10,0.5334604266643045
RF,多步直接预测,3,"{'max_depth': 15, 'min_samples_leaf': 5, 'n_estimators': 300}",0.039021826769103644,13,0.5334908802763813
RF,多步直接预测,3,"{'max_depth': 12, 'min_samples_leaf': 5, 'n_estimators': 200}",0.039665741651607564,14,0.5335454271793164
RF,多步直接预测,3,"{'max_depth': 20, 'min_samples_leaf': 5, 'n_estimators': 500}",0.040364745264342035,15,0.5337265776378469
RF,多步直接预测,3,"{'max_depth': None, 'min_samples_leaf': 5, 'n_estimators': 500}",0.040364745264342035,15,0.5337265776378469
RF,多步直接预测,3,"{'max_depth': 25, 'min_samples_leaf': 5, 'n_estimators': 500}",0.040364745264342035,15,0.5337265776378469
RF,多步直接预测,3,"{'max_depth': 12, 'min_samples_leaf': 5, 'n_estimators': 400}",0.0390158901444296,18,0.5337300233039598
RF,多步直接预测,3,"{'max_depth': 15, 'min_samples_leaf': 5, 'n_estimators': 500}",0.04047678442380441,19,0.5337346655770451
RF,多步直接预测,3,"{'max_depth': None, 'min_samples_leaf': 5, 'n_estimators': 400}",0.0397126634549438,20,0.5337589176509736
RF,多步直接预测,3,"{'max_depth': 25, 'min_samples_leaf': 5, 'n_estimators': 400}",0.03971266345494385,20,0.5337589176509736
RF,多步直接预测,3,"{'max_depth': 20, 'min_samples_leaf': 5, 'n_estimators': 400}",0.03971266345494385,20,0.5337589176509736
RF,多步直接预测,3,"{'max_depth': 15, 'min_samples_leaf': 5, 'n_estimators': 400}",0.03990587914597665,23,0.5338151024109987
RF,多步直接预测,3,"{'max_depth': 10, 'min_samples_leaf': 5, 'n_estimators': 200}",0.03755851765883702,24,0.5340392982654049
RF,多步直接预测,3,"{'max_depth': 10, 'min_samples_leaf': 3, 'n_estimators': 200}",0.042627597719901746,25,0.5525146202170877
RF,多步直接预测,3,"{'max_depth': 12, 'min_samples_leaf': 3, 'n_estimators': 200}",0.045413824146271056,26,0.5544205234830412
RF,多步直接预测,3,"{'max_depth': 10, 'min_samples_leaf': 3, 'n_estimators': 400}",0.04479420519680801,27,0.5554155548416834
RF,多步直接预测,3,"{'max_depth': 12, 'min_samples_leaf': 3, 'n_estimators': 400}",0.045493457011356216,28,0.555448794305525
RF,多步直接预测,3,"{'max_depth': 12, 'min_samples_leaf': 3, 'n_estimators': 300}",0.0462029574286575,29,0.5557442740651033
RF,多步直接预测,3,"{'max_depth': 10, 'min_samples_leaf': 3, 'n_estimators': 300}",0.04540463067417022,30,0.5561218998277788
RF,多步直接预测,3,"{'max_depth': 15, 'min_samples_leaf': 3, 'n_estimators': 200}",0.04189421211741969,31,0.5561941249293202
RF,多步直接预测,3,"{'max_depth': None, 'min_samples_leaf': 3, 'n_estimators': 400}",0.04266603886748899,32,0.556206711532456
RF,多步直接预测,3,"{'max_depth': 25, 'min_samples_leaf': 3, 'n_estimators': 400}",0.04266603886748899,32,0.556206711532456
RF,多步直接预测,3,"{'max_depth': 15, 'min_samples_leaf': 3, 'n_estimators': 400}",0.04304849187211476,34,0.5562088081474855
RF,多步直接预测,3,"{'max_depth': 20, 'min_samples_leaf': 3, 'n_estimators': 400}",0.04270181028715991,35,0.5562572719731071
RF,多步直接预测,3,"{'max_depth': 12, 'min_samples_leaf': 3, 'n_estimators': 500}",0.04574237020472158,36,0.5563035137035789
RF,多步直接预测,3,"{'max_depth': 25, 'min_samples_leaf': 3, 'n_estimators': 500}",0.04382065282694691,37,0.5564432246477423
RF,多步直接预测,3,"{'max_depth': None, 'min_samples_leaf': 3, 'n_estimators': 500}",0.04382065282694688,37,0.5564432246477423
RF,多步直接预测,3,"{'max_depth': 20, 'min_samples_leaf': 3, 'n_estimators': 500}",0.043848905951605205,39,0.5564832997059544
RF,多步直接预测,3,"{'max_depth': 15, 'min_samples_leaf': 3, 'n_estimators': 500}",0.043948803208420276,40,0.5564872868743963
RF,多步直接预测,3,"{'max_depth': None, 'min_samples_leaf': 3, 'n_estimators': 200}",0.0405569681851133,41,0.5568284965482121
RF,多步直接预测,3,"{'max_depth': 25, 'min_samples_leaf': 3, 'n_estimators': 200}",0.04055696818511333,41,0.5568284965482121
RF,多步直接预测,3,"{'max_depth': 20, 'min_samples_leaf': 3, 'n_estimators': 200}",0.0405569681851133,41,0.5568284965482121
RF,多步直接预测,3,"{'max_depth': 10, 'min_samples_leaf': 3, 'n_estimators': 500}",0.04487365679782245,44,0.5570662194856006
RF,多步直接预测,3,"{'max_depth': 25, 'min_samples_leaf': 3, 'n_estimators': 300}",0.042559324719614405,45,0.5575278047624538
RF,多步直接预测,3,"{'max_depth': None, 'min_samples_leaf': 3, 'n_estimators': 300}",0.042559324719614405,45,0.5575278047624538
RF,多步直接预测,3,"{'max_depth': 20, 'min_samples_leaf': 3, 'n_estimators': 300}",0.04259973345395556,47,0.5575946664847837
RF,多步直接预测,3,"{'max_depth': 15, 'min_samples_leaf': 3, 'n_estimators': 300}",0.04365836797383197,48,0.5579205002300828
RF,多步直接预测,3,"{'max_depth': 10, 'min_samples_leaf': 1, 'n_estimators': 200}",0.05402497807015585,49,0.5847387961109526
RF,多步直接预测,3,"{'max_depth': None, 'min_samples_leaf': 1, 'n_estimators': 200}",0.05621843851588406,50,0.5854635581060976
RF,多步直接预测,3,"{'max_depth': 25, 'min_samples_leaf': 1, 'n_estimators': 200}",0.055589413981793505,51,0.5857162504537424
RF,多步直接预测,3,"{'max_depth': 12, 'min_samples_leaf': 1, 'n_estimators': 200}",0.05254112170587003,52,0.585751238411628
RF,多步直接预测,3,"{'max_depth': 12, 'min_samples_leaf': 1, 'n_estimators': 500}",0.05986541237842163,53,0.5861244511928659
RF,多步直接预测,3,"{'max_depth': 15, 'min_samples_leaf': 1, 'n_estimators': 200}",0.06001662677113636,54,0.5869582435830097
RF,多步直接预测,3,"{'max_depth': 20, 'min_samples_leaf': 1, 'n_estimators': 200}",0.05605549100728879,55,0.5875296582771883
RF,多步直接预测,3,"{'max_depth': 12, 'min_samples_leaf': 1, 'n_estimators': 400}",0.06065602479260506,56,0.5878701050655559
RF,多步直接预测,3,"{'max_depth': None, 'min_samples_leaf': 1, 'n_estimators': 500}",0.061343739157075715,57,0.5879146029150597
RF,多步直接预测,3,"{'max_depth': 25, 'min_samples_leaf': 1, 'n_estimators': 500}",0.061103330862163005,58,0.5879737762887848
RF,多步直接预测,3,"{'max_depth': 15, 'min_samples_leaf': 1, 'n_estimators': 500}",0.06153390110652531,59,0.588105760550481
RF,多步直接预测,3,"{'max_depth': 10, 'min_samples_leaf': 1, 'n_estimators': 500}",0.061868808624044244,60,0.5885326582751671
RF,多步直接预测,3,"{'max_depth': None, 'min_samples_leaf': 1, 'n_estimators': 400}",0.06260136960507082,61,0.5887567309013991
RF,多步直接预测,3,"{'max_depth': 25, 'min_samples_leaf': 1, 'n_estimators': 400}",0.06234437870070213,62,0.5888016560866567
RF,多步直接预测,3,"{'max_depth': None, 'min_samples_leaf': 1, 'n_estimators': 300}",0.06284268910607209,63,0.5889248729986614
RF,多步直接预测,3,"{'max_depth': 20, 'min_samples_leaf': 1, 'n_estimators': 500}",0.06186275788268739,64,0.5889294913073967
RF,多步直接预测,3,"{'max_depth': 25, 'min_samples_leaf': 1, 'n_estimators': 300}",0.06250225359857846,65,0.5890221934401368
RF,多步直接预测,3,"{'max_depth': 10, 'min_samples_leaf': 1, 'n_estimators': 400}",0.06204141779557789,66,0.5891360222116989
RF,多步直接预测,3,"{'max_depth': 10, 'min_samples_leaf': 1, 'n_estimators': 300}",0.06181252829246249,67,0.5893963252510952
RF,多步直接预测,3,"{'max_depth': 12, 'min_samples_leaf': 1, 'n_estimators': 300}",0.06048154112977722,68,0.5895591679663204
RF,多步直接预测,3,"{'max_depth': 15, 'min_samples_leaf': 1, 'n_estimators': 300}",0.06478699444247148,69,0.589779365813104
RF,多步直接预测,3,"{'max_depth': 15, 'min_samples_leaf': 1, 'n_estimators': 400}",0.06353948034458494,70,0.5899004221906382
RF,多步直接预测,3,"{'max_depth': 20, 'min_samples_leaf': 1, 'n_estimators': 300}",0.06270390977238473,71,0.5899792115609823
RF,多步直接预测,3,"{'max_depth': 20, 'min_samples_leaf': 1, 'n_estimators': 400}",0.06281494435911866,72,0.5900050988334269
RF,多步直接预测,4,"{'max_depth': None, 'min_samples_leaf': 5, 'n_estimators': 500}",0.05549023947079587,1,0.5849513750238092
RF,多步直接预测,4,"{'max_depth': 20, 'min_samples_leaf': 5, 'n_estimators': 500}",0.05549023947079587,1,0.5849513750238092
RF,多步直接预测,4,"{'max_depth': 25, 'min_samples_leaf': 5, 'n_estimators': 500}",0.05549023947079587,1,0.5849513750238092
RF,多步直接预测,4,"{'max_depth': 15, 'min_samples_leaf': 5, 'n_estimators': 500}",0.0555314689732561,4,0.5849980325626843
RF,多步直接预测,4,"{'max_depth': 10, 'min_samples_leaf': 5, 'n_estimators': 500}",0.05501329117859621,5,0.5850169305479053
RF,多步直接预测,4,"{'max_depth': 12, 'min_samples_leaf': 5, 'n_estimators': 500}",0.054868825904084886,6,0.585088322212704
RF,多步直接预测,4,"{'max_depth': 10, 'min_samples_leaf': 5, 'n_estimators': 300}",0.05500854610714126,7,0.5851087774960363
RF,多步直接预测,4,"{'max_depth': 25, 'min_samples_leaf': 5, 'n_estimators': 300}",0.05644270801673842,8,0.5855702094090498
RF,多步直接预测,4,"{'max_depth': 20, 'min_samples_leaf': 5, 'n_estimators': 300}",0.05644270801673843,9,0.5855702094090499
RF,多步直接预测,4,"{'max_depth': None, 'min_samples_leaf': 5, 'n_estimators': 300}",0.05644270801673843,9,0.5855702094090499
RF,多步直接预测,4,"{'max_depth': 15, 'min_samples_leaf': 5, 'n_estimators': 300}",0.05654157507374495,11,0.58568544587736
RF,多步直接预测,4,"{'max_depth': 15, 'min_samples_leaf': 5, 'n_estimators': 200}",0.05516881117788772,12,0.5861058067530666
RF,多步直接预测,4,"{'max_depth': None, 'min_samples_leaf': 5, 'n_estimators': 200}",0.05529299644167611,13,0.5862220810386957
RF,多步直接预测,4,"{'max_depth': 25, 'min_samples_leaf': 5, 'n_estimators': 200}",0.055292996441676075,13,0.5862220810386957
RF,多步直接预测,4,"{'max_depth': 20, 'min_samples_leaf': 5, 'n_estimators': 200}",0.055292996441676075,13,0.5862220810386957
RF,多步直接预测,4,"{'max_depth': 10, 'min_samples_leaf': 5, 'n_estimators': 200}",0.052664528362673595,16,0.586222942752361
RF,多步直接预测,4,"{'max_depth': 10, 'min_samples_leaf': 5, 'n_estimators': 400}",0.055226979209717045,17,0.5863864013521564
RF,多步直接预测,4,"{'max_depth': 25, 'min_samples_leaf': 5, 'n_estimators': 400}",0.055943985054958054,18,0.586439054439677
RF,多步直接预测,4,"{'max_depth': 20, 'min_samples_leaf': 5, 'n_estimators': 400}",0.055943985054958054,18,0.586439054439677
RF,多步直接预测,4,"{'max_depth': None, 'min_samples_leaf': 5, 'n_estimators': 400}",0.0559439850549581,18,0.586439054439677
RF,多步直接预测,4,"{'max_depth': 15, 'min_samples_leaf': 5, 'n_estimators': 400}",0.055992877192001404,21,0.5864741525099539
RF,多步直接预测,4,"{'max_depth': 12, 'min_samples_leaf': 5, 'n_estimators': 300}",0.05610884157131287,22,0.5865953358816163
RF,多步直接预测,4,"{'max_depth': 12, 'min_samples_leaf': 5, 'n_estimators': 200}",0.05460861794262821,23,0.5867369946042009
RF,多步直接预测,4,"{'max_depth': 12, 'min_samples_leaf': 5, 'n_estimators': 400}",0.055926122164846465,24,0.5870250212367009
RF,多步直接预测,4,"{'max_depth': 20, 'min_samples_leaf': 3, 'n_estimators': 500}",0.06429059254420993,25,0.6036989439484195
RF,多步直接预测,4,"{'max_depth': None, 'min_samples_leaf': 3, 'n_estimators': 500}",0.0643225655306914,26,0.6037561107943278
RF,多步直接预测,4,"{'max_depth': 25, 'min_samples_leaf': 3, 'n_estimators': 500}",0.06432256553069143,27,0.6037561107943279
RF,多步直接预测,4,"{'max_depth': 15, 'min_samples_leaf': 3, 'n_estimators': 500}",0.06491786401261278,28,0.6038492584327964
RF,多步直接预测,4,"{'max_depth': 10, 'min_samples_leaf': 3, 'n_estimators': 500}",0.06248891698376392,29,0.6051478811195833
RF,多步直接预测,4,"{'max_depth': 12, 'min_samples_leaf': 3, 'n_estimators': 500}",0.06449804702971429,30,0.6051835721779845
RF,多步直接预测,4,"{'max_depth': None, 'min_samples_leaf': 3, 'n_estimators': 300}",0.06503155489743546,31,0.6055197951855021
RF,多步直接预测,4,"{'max_depth': 20, 'min_samples_leaf': 3, 'n_estimators': 300}",0.06503155489743546,31,0.6055197951855021
RF,多步直接预测,4,"{'max_depth': 25, 'min_samples_leaf': 3, 'n_estimators': 300}",0.06503155489743544,31,0.6055197951855021
RF,多步直接预测,4,"{'max_depth': 25, 'min_samples_leaf': 3, 'n_estimators': 400}",0.06493315402074566,34,0.6055649796603241
RF,多步直接预测,4,"{'max_depth': None, 'min_samples_leaf': 3, 'n_estimators': 400}",0.06493315402074566,34,0.6055649796603241
RF,多步直接预测,4,"{'max_depth': 20, 'min_samples_leaf': 3, 'n_estimators': 400}",0.06495807022847147,36,0.6056116598932871
RF,多步直接预测,4,"{'max_depth': 15, 'min_samples_leaf': 3, 'n_estimators': 400}",0.06557514985253286,37,0.6056420061969923
RF,多步直接预测,4,"{'max_depth': 15, 'min_samples_leaf': 3, 'n_estimators': 300}",0.06592116482635463,38,0.60582602739068
RF,多步直接预测,4,"{'max_depth': 20, 'min_samples_leaf': 3, 'n_estimators': 200}",0.06440333398400294,39,0.6060515163048472
RF,多步直接预测,4,"{'max_depth': None, 'min_samples_leaf': 3, 'n_estimators': 200}",0.06440333398400291,39,0.6060515163048472
RF,多步直接预测,4,"{'max_depth': 25, 'min_samples_leaf': 3, 'n_estimators': 200}",0.06440333398400294,39,0.6060515163048472
RF,多步直接预测,4,"{'max_depth': 12, 'min_samples_leaf': 3, 'n_estimators': 300}",0.06403470712991408,42,0.606623425900158
RF,多步直接预测,4,"{'max_depth': 10, 'min_samples_leaf': 3, 'n_estimators': 200}",0.06375641575277964,43,0.6069332634601946
RF,多步直接预测,4,"{'max_depth': 10, 'min_samples_leaf': 3, 'n_estimators': 300}",0.0621350629384259,44,0.607015965204822
RF,多步直接预测,4,"{'max_depth': 10, 'min_samples_leaf': 3, 'n_estimators': 400}",0.06264897099431169,45,0.6071133310337226
RF,多步直接预测,4,"{'max_depth': 12, 'min_samples_leaf': 3, 'n_estimators': 400}",0.0648828150233929,46,0.6076854167310246
RF,多步直接预测,4,"{'max_depth': 15, 'min_samples_leaf': 3, 'n_estimators': 200}",0.06593253088878764,47,0.6080116356804797
RF,多步直接预测,4,"{'max_depth': 12, 'min_samples_leaf': 3, 'n_estimators': 200}",0.06432057358537241,48,0.6085590246525553
RF,多步直接预测,4,"{'max_depth': None, 'min_samples_leaf': 1, 'n_estimators': 300}",0.07209372742546388,49,0.6209471720378774
RF,多步直接预测,4,"{'max_depth': 25, 'min_samples_leaf': 1, 'n_estimators': 300}",0.07202520705249789,50,0.6212339356289706
RF,多步直接预测,4,"{'max_depth': 20, 'min_samples_leaf': 1, 'n_estimators': 300}",0.07315315661486015,51,0.6214105670053888
RF,多步直接预测,4,"{'max_depth': None, 'min_samples_leaf': 1, 'n_estimators': 500}",0.07240814042680624,52,0.6217641088622671
RF,多步直接预测,4,"{'max_depth': 25, 'min_samples_leaf': 1, 'n_estimators': 500}",0.07236342623761106,53,0.6218475154903377
RF,多步直接预测,4,"{'max_depth': 20, 'min_samples_leaf': 1, 'n_estimators': 400}",0.07302204759020892,54,0.6219284158901212
RF,多步直接预测,4,"{'max_depth': None, 'min_samples_leaf': 1, 'n_estimators': 200}",0.0714863241652166,55,0.6219476341336008
RF,多步直接预测,4,"{'max_depth': 20, 'min_samples_leaf': 1, 'n_estimators': 500}",0.07349960644205196,56,0.6220791557595521
RF,多步直接预测,4,"{'max_depth': None, 'min_samples_leaf': 1, 'n_estimators': 400}",0.07159368365690447,57,0.6220864492276456
RF,多步直接预测,4,"{'max_depth': 20, 'min_samples_leaf': 1, 'n_estimators': 200}",0.07188775596195056,58,0.6220913422307287
RF,多步直接预测,4,"{'max_depth': 25, 'min_samples_leaf': 1, 'n_estimators': 400}",0.07151713477308769,59,0.622201701148417
RF,多步直接预测,4,"{'max_depth': 25, 'min_samples_leaf': 1, 'n_estimators': 200}",0.07136049674145757,60,0.622281695359484
RF,多步直接预测,4,"{'max_depth': 15, 'min_samples_leaf': 1, 'n_estimators': 500}",0.0708133772117008,61,0.6232072909272038
RF,多步直接预测,4,"{'max_depth': 15, 'min_samples_leaf': 1, 'n_estimators': 300}",0.07128067585729707,62,0.6235353223071974
RF,多步直接预测,4,"{'max_depth': 12, 'min_samples_leaf': 1, 'n_estimators': 200}",0.07451259920805076,63,0.623999395729485
RF,多步直接预测,4,"{'max_depth': 15, 'min_samples_leaf': 1, 'n_estimators': 400}",0.06948829208027035,64,0.6240319753071496
RF,多步直接预测,4,"{'max_depth': 15, 'min_samples_leaf': 1, 'n_estimators': 200}",0.0707789797678962,65,0.6243392521021527
RF,多步直接预测,4,"{'max_depth': 12, 'min_samples_leaf': 1, 'n_estimators': 300}",0.07406496466582697,66,0.6244418693130646
RF,多步直接预测,4,"{'max_depth': 10, 'min_samples_leaf': 1, 'n_estimators': 300}",0.07479303422014234,67,0.6246510137691449
RF,多步直接预测,4,"{'max_depth': 12, 'min_samples_leaf': 1, 'n_estimators': 500}",0.0740528451731012,68,0.6246838146826127
RF,多步直接预测,4,"{'max_depth': 10, 'min_samples_leaf': 1, 'n_estimators': 400}",0.07482171976773346,69,0.6253916740473219
RF,多步直接预测,4,"{'max_depth': 12, 'min_samples_leaf': 1, 'n_estimators': 400}",0.07381303831110149,70,0.6255589659937297
RF,多步直接预测,4,"{'max_depth': 10, 'min_samples_leaf': 1, 'n_estimators': 500}",0.07621969302680116,71,0.625655093194179
RF,多步直接预测,4,"{'max_depth': 10, 'min_samples_leaf': 1, 'n_estimators': 200}",0.07536344882591056,72,0.6267195150251371
RF,多步直接预测,5,"{'max_depth': 15, 'min_samples_leaf': 5, 'n_estimators': 200}",0.07055578409660802,1,0.6253565499223255
RF,多步直接预测,5,"{'max_depth': None, 'min_samples_leaf': 5, 'n_estimators': 200}",0.0709245088722065,2,0.6256868846621128
RF,多步直接预测,5,"{'max_depth': 20, 'min_samples_leaf': 5, 'n_estimators': 200}",0.07092450887220654,2,0.6256868846621128
RF,多步直接预测,5,"{'max_depth': 25, 'min_samples_leaf': 5, 'n_estimators': 200}",0.0709245088722065,2,0.6256868846621128
RF,多步直接预测,5,"{'max_depth': 12, 'min_samples_leaf': 5, 'n_estimators': 200}",0.07163422953804705,5,0.6262772122705605
RF,多步直接预测,5,"{'max_depth': 12, 'min_samples_leaf': 5, 'n_estimators': 500}",0.07263145295287345,6,0.6266383505604226
RF,多步直接预测,5,"{'max_depth': 12, 'min_samples_leaf': 5, 'n_estimators': 400}",0.0726852309000521,7,0.626992664115304
RF,多步直接预测,5,"{'max_depth': 20, 'min_samples_leaf': 5, 'n_estimators': 500}",0.07313789503594795,8,0.6272730690617294
RF,多步直接预测,5,"{'max_depth': 25, 'min_samples_leaf': 5, 'n_estimators': 500}",0.07313789503594799,8,0.6272730690617294
RF,多步直接预测,5,"{'max_depth': None, 'min_samples_leaf': 5, 'n_estimators': 500}",0.07313789503594798,8,0.6272730690617294
RF,多步直接预测,5,"{'max_depth': 15, 'min_samples_leaf': 5, 'n_estimators': 500}",0.07309719966839372,11,0.6273153722647737
RF,多步直接预测,5,"{'max_depth': 15, 'min_samples_leaf': 5, 'n_estimators': 400}",0.07291947452056309,12,0.6278005064814021
RF,多步直接预测,5,"{'max_depth': None, 'min_samples_leaf': 5, 'n_estimators': 400}",0.07318359175512439,13,0.6279759097002716
RF,多步直接预测,5,"{'max_depth': 25, 'min_samples_leaf': 5, 'n_estimators': 400}",0.07318359175512439,13,0.6279759097002716
RF,多步直接预测,5,"{'max_depth': 20, 'min_samples_leaf': 5, 'n_estimators': 400}",0.07318359175512433,13,0.6279759097002716
RF,多步直接预测,5,"{'max_depth': 12, 'min_samples_leaf': 5, 'n_estimators': 300}",0.07250482607047727,16,0.628215497111146
RF,多步直接预测,5,"{'max_depth': 15, 'min_samples_leaf': 5, 'n_estimators': 300}",0.07257156781186698,17,0.6286660521463245
RF,多步直接预测,5,"{'max_depth': 25, 'min_samples_leaf': 5, 'n_estimators': 300}",0.0728180614815026,18,0.6288823534161656
RF,多步直接预测,5,"{'max_depth': 20, 'min_samples_leaf': 5, 'n_estimators': 300}",0.0728180614815026,18,0.6288823534161656
RF,多步直接预测,5,"{'max_depth': None, 'min_samples_leaf': 5, 'n_estimators': 300}",0.07281806148150263,20,0.6288823534161657
RF,多步直接预测,5,"{'max_depth': 10, 'min_samples_leaf': 5, 'n_estimators': 500}",0.07255354987337059,21,0.6300196696365566
RF,多步直接预测,5,"{'max_depth': 10, 'min_samples_leaf': 5, 'n_estimators': 200}",0.07103441797881667,22,0.6304283939174617
RF,多步直接预测,5,"{'max_depth': 10, 'min_samples_leaf': 5, 'n_estimators': 400}",0.0729380950243592,23,0.6308944224358551
RF,多步直接预测,5,"{'max_depth': 10, 'min_samples_leaf': 5, 'n_estimators': 300}",0.07326867697114253,24,0.6329234459512435
RF,多步直接预测,5,"{'max_depth': 12, 'min_samples_leaf': 3, 'n_estimators': 300}",0.07715976384353823,25,0.6431170452254164
RF,多步直接预测,5,"{'max_depth': 12, 'min_samples_leaf': 3, 'n_estimators': 500}",0.07812324611467236,26,0.6432494458015465
RF,多步直接预测,5,"{'max_depth': 10, 'min_samples_leaf': 3, 'n_estimators': 500}",0.0786576035676365,27,0.6436185586786091
RF,多步直接预测,5,"{'max_depth': 15, 'min_samples_leaf': 3, 'n_estimators': 500}",0.07988785689687397,28,0.643829215549048
RF,多步直接预测,5,"{'max_depth': 12, 'min_samples_leaf': 3, 'n_estimators': 400}",0.07855463122679189,29,0.643921466756734
RF,多步直接预测,5,"{'max_depth': 12, 'min_samples_leaf': 3, 'n_estimators': 200}",0.07703385399325989,30,0.6440909238840057
RF,多步直接预测,5,"{'max_depth': None, 'min_samples_leaf': 3, 'n_estimators': 300}",0.0785746934557198,31,0.6444073764747844
RF,多步直接预测,5,"{'max_depth': 25, 'min_samples_leaf': 3, 'n_estimators': 300}",0.0785746934557198,31,0.6444073764747844
RF,多步直接预测,5,"{'max_depth': 25, 'min_samples_leaf': 3, 'n_estimators': 500}",0.07946772577415541,33,0.6444945326342997
RF,多步直接预测,5,"{'max_depth': None, 'min_samples_leaf': 3, 'n_estimators': 500}",0.07946772577415541,33,0.6444945326342997
RF,多步直接预测,5,"{'max_depth': 20, 'min_samples_leaf': 3, 'n_estimators': 500}",0.07953486565364856,35,0.6446130807812175
RF,多步直接预测,5,"{'max_depth': 10, 'min_samples_leaf': 3, 'n_estimators': 400}",0.08001905835817982,36,0.6446790343915296
RF,多步直接预测,5,"{'max_depth': 20, 'min_samples_leaf': 3, 'n_estimators': 300}",0.07875439626226927,37,0.6447580577133265
RF,多步直接预测,5,"{'max_depth': 15, 'min_samples_leaf': 3, 'n_estimators': 400}",0.08009235940523757,38,0.6447593407536785
RF,多步直接预测,5,"{'max_depth': 10, 'min_samples_leaf': 3, 'n_estimators': 200}",0.0780797766424821,39,0.6449366833408708
RF,多步直接预测,5,"{'max_depth': 15, 'min_samples_leaf': 3, 'n_estimators': 300}",0.08078651337602973,40,0.6450811384812145
RF,多步直接预测,5,"{'max_depth': 10, 'min_samples_leaf': 3, 'n_estimators': 300}",0.07910101205344686,41,0.6452012289892978
RF,多步直接预测,5,"{'max_depth': 25, 'min_samples_leaf': 3, 'n_estimators': 400}",0.07946995466503255,42,0.6455019184596001
RF,多步直接预测,5,"{'max_depth': None, 'min_samples_leaf': 3, 'n_estimators': 400}",0.07946995466503255,42,0.6455019184596001
RF,多步直接预测,5,"{'max_depth': 20, 'min_samples_leaf': 3, 'n_estimators': 400}",0.0795465454859572,44,0.6456510189203433
RF,多步直接预测,5,"{'max_depth': 25, 'min_samples_leaf': 3, 'n_estimators': 200}",0.08000710942703364,45,0.6467424542020281
RF,多步直接预测,5,"{'max_depth': None, 'min_samples_leaf': 3, 'n_estimators': 200}",0.08000710942703364,45,0.6467424542020281
RF,多步直接预测,5,"{'max_depth': 15, 'min_samples_leaf': 3, 'n_estimators': 200}",0.08220306682273595,47,0.6467978176343344
RF,多步直接预测,5,"{'max_depth': 20, 'min_samples_leaf': 3, 'n_estimators': 200}",0.08024687093300842,48,0.6472207648677425
RF,多步直接预测,5,"{'max_depth': 10, 'min_samples_leaf': 1, 'n_estimators': 500}",0.0883303162654401,49,0.662490640698314
RF,多步直接预测,5,"{'max_depth': 10, 'min_samples_leaf': 1, 'n_estimators': 200}",0.08650621912951229,50,0.6631852760729028
RF,多步直接预测,5,"{'max_depth': 10, 'min_samples_leaf': 1, 'n_estimators': 400}",0.08869258538583835,51,0.6649256202898365
RF,多步直接预测,5,"{'max_depth': 10, 'min_samples_leaf': 1, 'n_estimators': 300}",0.08937730976911792,52,0.6652976000900123
RF,多步直接预测,5,"{'max_depth': 25, 'min_samples_leaf': 1, 'n_estimators': 500}",0.08947530131778132,53,0.6676132338651265
RF,多步直接预测,5,"{'max_depth': None, 'min_samples_leaf': 1, 'n_estimators': 500}",0.08936950469070153,54,0.667880743165996
RF,多步直接预测,5,"{'max_depth': 25, 'min_samples_leaf': 1, 'n_estimators': 400}",0.08829932789574618,55,0.6683254494021953
RF,多步直接预测,5,"{'max_depth': 20, 'min_samples_leaf': 1, 'n_estimators': 400}",0.08765029664020628,56,0.6683325635231047
RF,多步直接预测,5,"{'max_depth': 12, 'min_samples_leaf': 1, 'n_estimators': 200}",0.09009022528780494,57,0.6685477645702559
RF,多步直接预测,5,"{'max_depth': None, 'min_samples_leaf': 1, 'n_estimators': 400}",0.08824489656450395,58,0.6685638490739843
RF,多步直接预测,5,"{'max_depth': 20, 'min_samples_leaf': 1, 'n_estimators': 500}",0.08808396446437783,59,0.6686666943994725
RF,多步直接预测,5,"{'max_depth': 15, 'min_samples_leaf': 1, 'n_estimators': 500}",0.08910400641113411,60,0.6690701156066385
RF,多步直接预测,5,"{'max_depth': 25, 'min_samples_leaf': 1, 'n_estimators': 200}",0.08808775900111575,61,0.6694014728366646
RF,多步直接预测,5,"{'max_depth': None, 'min_samples_leaf': 1, 'n_estimators': 200}",0.08774837883451429,62,0.669479715917157
RF,多步直接预测,5,"{'max_depth': 15, 'min_samples_leaf': 1, 'n_estimators': 400}",0.08845079853860104,63,0.6695324350836258
RF,多步直接预测,5,"{'max_depth': 12, 'min_samples_leaf': 1, 'n_estimators': 500}",0.08977054457199687,64,0.6697122304391617
RF,多步直接预测,5,"{'max_depth': 12, 'min_samples_leaf': 1, 'n_estimators': 400}",0.08948540290926106,65,0.6697528475022864
RF,多步直接预测,5,"{'max_depth': 20, 'min_samples_leaf': 1, 'n_estimators': 200}",0.08759503337487891,66,0.6701810542802796
RF,多步直接预测,5,"{'max_depth': 25, 'min_samples_leaf': 1, 'n_estimators': 300}",0.08950036899062745,67,0.6704058304526468
RF,多步直接预测,5,"{'max_depth': 20, 'min_samples_leaf': 1, 'n_estimators': 300}",0.08829327955173304,68,0.6704171747593413
RF,多步直接预测,5,"{'max_depth': None, 'min_samples_leaf': 1, 'n_estimators': 300}",0.08941487491345562,69,0.670639292991324
RF,多步直接预测,5,"{'max_depth': 12, 'min_samples_leaf': 1, 'n_estimators': 300}",0.09140767958209853,70,0.6720261486155676
RF,多步直接预测,5,"{'max_depth': 15, 'min_samples_leaf': 1, 'n_estimators': 200}",0.08690063597793657,71,0.6724617158398397
RF,多步直接预测,5,"{'max_depth': 15, 'min_samples_leaf': 1, 'n_estimators': 300}",0.08998266296771336,72,0.6736253170559103
RF,多步直接预测,6,"{'max_depth': 10, 'min_samples_leaf': 5, 'n_estimators': 500}",0.08260253004022307,1,0.6658794541770311
RF,多步直接预测,6,"{'max_depth': 10, 'min_samples_leaf': 5, 'n_estimators': 400}",0.08250271067846389,2,0.6659448888366405
RF,多步直接预测,6,"{'max_depth': 10, 'min_samples_leaf': 5, 'n_estimators': 300}",0.0820831450344688,3,0.6667504669280325
RF,多步直接预测,6,"{'max_depth': 15, 'min_samples_leaf': 5, 'n_estimators': 300}",0.08738845127199685,4,0.6670783037705145
RF,多步直接预测,6,"{'max_depth': 12, 'min_samples_leaf': 5, 'n_estimators': 500}",0.08648935313144014,5,0.6676798280858209
RF,多步直接预测,6,"{'max_depth': 15, 'min_samples_leaf': 5, 'n_estimators': 400}",0.0866218991898172,6,0.6677096280389012
RF,多步直接预测,6,"{'max_depth': 15, 'min_samples_leaf': 5, 'n_estimators': 500}",0.0853632102434524,7,0.6680216188483311
RF,多步直接预测,6,"{'max_depth': 12, 'min_samples_leaf': 5, 'n_estimators': 400}",0.08785767510453135,8,0.6681722178257559
RF,多步直接预测,6,"{'max_depth': 20, 'min_samples_leaf': 5, 'n_estimators': 300}",0.08805485248073483,9,0.668210950448294
RF,多步直接预测,6,"{'max_depth': None, 'min_samples_leaf': 5, 'n_estimators': 300}",0.08805485248073482,10,0.6682109504482941
RF,多步直接预测,6,"{'max_depth': 25, 'min_samples_leaf': 5, 'n_estimators': 300}",0.08805485248073482,10,0.6682109504482941
RF,多步直接预测,6,"{'max_depth': 12, 'min_samples_leaf': 5, 'n_estimators': 300}",0.08925500616324568,12,0.6683728422303821
RF,多步直接预测,6,"{'max_depth': None, 'min_samples_leaf': 5, 'n_estimators': 400}",0.0871722004841258,13,0.6686344517822015
RF,多步直接预测,6,"{'max_depth': 20, 'min_samples_leaf': 5, 'n_estimators': 400}",0.0871722004841258,13,0.6686344517822015
RF,多步直接预测,6,"{'max_depth': 25, 'min_samples_leaf': 5, 'n_estimators': 400}",0.0871722004841258,13,0.6686344517822015
RF,多步直接预测,6,"{'max_depth': None, 'min_samples_leaf': 5, 'n_estimators': 500}",0.08573838515395496,16,0.6686751219018546
RF,多步直接预测,6,"{'max_depth': 20, 'min_samples_leaf': 5, 'n_estimators': 500}",0.08573838515395496,16,0.6686751219018546
RF,多步直接预测,6,"{'max_depth': 25, 'min_samples_leaf': 5, 'n_estimators': 500}",0.08573838515395496,16,0.6686751219018546
RF,多步直接预测,6,"{'max_depth': 12, 'min_samples_leaf': 5, 'n_estimators': 200}",0.09009057624356712,19,0.6700769693697048
RF,多步直接预测,6,"{'max_depth': 15, 'min_samples_leaf': 5, 'n_estimators': 200}",0.08915947840980307,20,0.6701335791680808
RF,多步直接预测,6,"{'max_depth': 10, 'min_samples_leaf': 5, 'n_estimators': 200}",0.08567782502219637,21,0.6708026355933877
RF,多步直接预测,6,"{'max_depth': 25, 'min_samples_leaf': 5, 'n_estimators': 200}",0.08960138892203441,22,0.6711730743782099
RF,多步直接预测,6,"{'max_depth': 20, 'min_samples_leaf': 5, 'n_estimators': 200}",0.08960138892203441,22,0.6711730743782099
RF,多步直接预测,6,"{'max_depth': None, 'min_samples_leaf': 5, 'n_estimators': 200}",0.08960138892203441,22,0.6711730743782099
RF,多步直接预测,6,"{'max_depth': 10, 'min_samples_leaf': 3, 'n_estimators': 200}",0.09044823470466533,25,0.6781320742409505
RF,多步直接预测,6,"{'max_depth': 10, 'min_samples_leaf': 3, 'n_estimators': 300}",0.09104333439283152,26,0.6791930523374133
RF,多步直接预测,6,"{'max_depth': 10, 'min_samples_leaf': 3, 'n_estimators': 500}",0.09092024319735033,27,0.6795911236665108
RF,多步直接预测,6,"{'max_depth': 25, 'min_samples_leaf': 3, 'n_estimators': 500}",0.08750845273362348,28,0.6799224349402216
RF,多步直接预测,6,"{'max_depth': None, 'min_samples_leaf': 3, 'n_estimators': 500}",0.08750845273362344,28,0.6799224349402216
RF,多步直接预测,6,"{'max_depth': 20, 'min_samples_leaf': 3, 'n_estimators': 500}",0.08753850424998848,30,0.6800308468198302
RF,多步直接预测,6,"{'max_depth': 15, 'min_samples_leaf': 3, 'n_estimators': 500}",0.08748666949712089,31,0.6802650951781427
RF,多步直接预测,6,"{'max_depth': 12, 'min_samples_leaf': 3, 'n_estimators': 500}",0.08806612767095776,32,0.680359679266319
RF,多步直接预测,6,"{'max_depth': 12, 'min_samples_leaf': 3, 'n_estimators': 200}",0.08951900659093469,33,0.6808678054377214
RF,多步直接预测,6,"{'max_depth': 10, 'min_samples_leaf': 3, 'n_estimators': 400}",0.09357803445379115,34,0.6814696694000757
RF,多步直接预测,6,"{'max_depth': 12, 'min_samples_leaf': 3, 'n_estimators': 300}",0.09049017711674025,35,0.6816550928965158
RF,多步直接预测,6,"{'max_depth': 25, 'min_samples_leaf': 3, 'n_estimators': 400}",0.08819185759323775,36,0.6818327564911882
RF,多步直接预测,6,"{'max_depth': None, 'min_samples_leaf': 3, 'n_estimators': 400}",0.08819185759323775,36,0.6818327564911882
RF,多步直接预测,6,"{'max_depth': 15, 'min_samples_leaf': 3, 'n_estimators': 400}",0.08852505522018721,38,0.6819274489931795
RF,多步直接预测,6,"{'max_depth': 20, 'min_samples_leaf': 3, 'n_estimators': 400}",0.0882257971124537,39,0.681967196749644
RF,多步直接预测,6,"{'max_depth': None, 'min_samples_leaf': 3, 'n_estimators': 300}",0.0876631589870693,40,0.6827543822061642
RF,多步直接预测,6,"{'max_depth': 25, 'min_samples_leaf': 3, 'n_estimators': 300}",0.0876631589870693,40,0.6827543822061642
RF,多步直接预测,6,"{'max_depth': 20, 'min_samples_leaf': 3, 'n_estimators': 200}",0.08767614912460021,42,0.6827871808823477
RF,多步直接预测,6,"{'max_depth': 25, 'min_samples_leaf': 3, 'n_estimators': 200}",0.08768567759531123,43,0.6828063236898086
RF,多步直接预测,6,"{'max_depth': None, 'min_samples_leaf': 3, 'n_estimators': 200}",0.08768567759531126,43,0.6828063236898086
RF,多步直接预测,6,"{'max_depth': 20, 'min_samples_leaf': 3, 'n_estimators': 300}",0.0877609109899918,45,0.6829118929838195
RF,多步直接预测,6,"{'max_depth': 15, 'min_samples_leaf': 3, 'n_estimators': 300}",0.08807787790798831,46,0.6829310103255276
RF,多步直接预测,6,"{'max_depth': 12, 'min_samples_leaf': 3, 'n_estimators': 400}",0.09064790022520228,47,0.6829789913514716
RF,多步直接预测,6,"{'max_depth': 15, 'min_samples_leaf': 3, 'n_estimators': 200}",0.08827492157509383,48,0.6832588865682504
RF,多步直接预测,6,"{'max_depth': 15, 'min_samples_leaf': 1, 'n_estimators': 200}",0.09112763926671717,49,0.6960731671004045
RF,多步直接预测,6,"{'max_depth': 15, 'min_samples_leaf': 1, 'n_estimators': 300}",0.0910338042470692,50,0.6966968244370282
RF,多步直接预测,6,"{'max_depth': 10, 'min_samples_leaf': 1, 'n_estimators': 200}",0.09195593911337958,51,0.6969301416321331
RF,多步直接预测,6,"{'max_depth': 10, 'min_samples_leaf': 1, 'n_estimators': 500}",0.09080331450924749,52,0.6981228982435326
RF,多步直接预测,6,"{'max_depth': None, 'min_samples_leaf': 1, 'n_estimators': 300}",0.09037761255900752,53,0.6985481720568988
RF,多步直接预测,6,"{'max_depth': 10, 'min_samples_leaf': 1, 'n_estimators': 300}",0.08983614011216151,54,0.698672123231502
RF,多步直接预测,6,"{'max_depth': None, 'min_samples_leaf': 1, 'n_estimators': 200}",0.0911614437292501,55,0.6991819288860374
RF,多步直接预测,6,"{'max_depth': 25, 'min_samples_leaf': 1, 'n_estimators': 300}",0.09064428088149828,56,0.6993128148928901
RF,多步直接预测,6,"{'max_depth': 20, 'min_samples_leaf': 1, 'n_estimators': 300}",0.08894523230043326,57,0.6993261536807154
RF,多步直接预测,6,"{'max_depth': 15, 'min_samples_leaf': 1, 'n_estimators': 400}",0.0931331330408287,58,0.6993523659546091
RF,多步直接预测,6,"{'max_depth': 10, 'min_samples_leaf': 1, 'n_estimators': 400}",0.0912954084522635,59,0.6993612957583881
RF,多步直接预测,6,"{'max_depth': 20, 'min_samples_leaf': 1, 'n_estimators': 200}",0.09029796398210779,60,0.6996516455814664
RF,多步直接预测,6,"{'max_depth': 15, 'min_samples_leaf': 1, 'n_estimators': 500}",0.09361309894760152,61,0.6998315681731668
RF,多步直接预测,6,"{'max_depth': None, 'min_samples_leaf': 1, 'n_estimators': 400}",0.09156715385579128,62,0.6998775519878286
RF,多步直接预测,6,"{'max_depth': 25, 'min_samples_leaf': 1, 'n_estimators': 200}",0.09148019377700875,63,0.7000512354677276
RF,多步直接预测,6,"{'max_depth': 25, 'min_samples_leaf': 1, 'n_estimators': 400}",0.09169273086156353,64,0.7005129343584994
RF,多步直接预测,6,"{'max_depth': 20, 'min_samples_leaf': 1, 'n_estimators': 400}",0.09029836634188992,65,0.7008317866605345
RF,多步直接预测,6,"{'max_depth': 12, 'min_samples_leaf': 1, 'n_estimators': 300}",0.09344051158082152,66,0.7016177794643522
RF,多步直接预测,6,"{'max_depth': None, 'min_samples_leaf': 1, 'n_estimators': 500}",0.09193933560315477,67,0.7019332050509157
RF,多步直接预测,6,"{'max_depth': 25, 'min_samples_leaf': 1, 'n_estimators': 500}",0.09197913649149608,68,0.7022871050822377
RF,多步直接预测,6,"{'max_depth': 20, 'min_samples_leaf': 1, 'n_estimators': 500}",0.09049577158237802,69,0.7024270180010195
RF,多步直接预测,6,"{'max_depth': 12, 'min_samples_leaf': 1, 'n_estimators': 400}",0.09456959603648343,70,0.702716411979945
RF,多步直接预测,6,"{'max_depth': 12, 'min_samples_leaf': 1, 'n_estimators': 500}",0.09574254883511754,71,0.7027955444475027
RF,多步直接预测,6,"{'max_depth': 12, 'min_samples_leaf': 1, 'n_estimators': 200}",0.09338943037190793,72,0.7056091121356113
RF,多步直接预测,7,"{'max_depth': 10, 'min_samples_leaf': 5, 'n_estimators': 300}",0.08609422005198002,1,0.6863673886291912
RF,多步直接预测,7,"{'max_depth': 10, 'min_samples_leaf': 5, 'n_estimators': 400}",0.0863300594599412,2,0.6869526075522474
RF,多步直接预测,7,"{'max_depth': 12, 'min_samples_leaf': 5, 'n_estimators': 300}",0.08643229405992903,3,0.6870852126496088
RF,多步直接预测,7,"{'max_depth': 10, 'min_samples_leaf': 5, 'n_estimators': 500}",0.08581329998064012,4,0.6876738601795672
RF,多步直接预测,7,"{'max_depth': 15, 'min_samples_leaf': 5, 'n_estimators': 300}",0.08670846554831715,5,0.6882057588172747
RF,多步直接预测,7,"{'max_depth': 12, 'min_samples_leaf': 5, 'n_estimators': 400}",0.08696654250252037,6,0.6882104529325793
RF,多步直接预测,7,"{'max_depth': 20, 'min_samples_leaf': 5, 'n_estimators': 300}",0.08688100526742601,7,0.6882457644238879
RF,多步直接预测,7,"{'max_depth': None, 'min_samples_leaf': 5, 'n_estimators': 300}",0.08688100526742601,7,0.6882457644238879
RF,多步直接预测,7,"{'max_depth': 25, 'min_samples_leaf': 5, 'n_estimators': 300}",0.08688100526742601,7,0.6882457644238879
RF,多步直接预测,7,"{'max_depth': 12, 'min_samples_leaf': 5, 'n_estimators': 500}",0.08562654239679861,10,0.6882930106155528
RF,多步直接预测,7,"{'max_depth': 10, 'min_samples_leaf': 5, 'n_estimators': 200}",0.08577924456111785,11,0.6887544743056263
RF,多步直接预测,7,"{'max_depth': 15, 'min_samples_leaf': 5, 'n_estimators': 400}",0.08692124394751523,12,0.6888283549683063
RF,多步直接预测,7,"{'max_depth': 25, 'min_samples_leaf': 5, 'n_estimators': 400}",0.08711360825393419,13,0.6889335802641442
RF,多步直接预测,7,"{'max_depth': None, 'min_samples_leaf': 5, 'n_estimators': 400}",0.08711360825393422,13,0.6889335802641442
RF,多步直接预测,7,"{'max_depth': 20, 'min_samples_leaf': 5, 'n_estimators': 400}",0.08711360825393416,15,0.6889335802641443
RF,多步直接预测,7,"{'max_depth': 15, 'min_samples_leaf': 5, 'n_estimators': 500}",0.08560671381025366,16,0.6889433409274736
RF,多步直接预测,7,"{'max_depth': None, 'min_samples_leaf': 5, 'n_estimators': 500}",0.08609509687473063,17,0.6894654734423141
RF,多步直接预测,7,"{'max_depth': 25, 'min_samples_leaf': 5, 'n_estimators': 500}",0.0860950968747306,17,0.6894654734423141
RF,多步直接预测,7,"{'max_depth': 20, 'min_samples_leaf': 5, 'n_estimators': 500}",0.08609509687473063,17,0.6894654734423141
RF,多步直接预测,7,"{'max_depth': 12, 'min_samples_leaf': 5, 'n_estimators': 200}",0.08594910704650827,20,0.6917919950288395
RF,多步直接预测,7,"{'max_depth': 15, 'min_samples_leaf': 5, 'n_estimators': 200}",0.08613926799515366,21,0.6932361750773488
RF,多步直接预测,7,"{'max_depth': 25, 'min_samples_leaf': 5, 'n_estimators': 200}",0.08642042559814689,22,0.6933286262667836
RF,多步直接预测,7,"{'max_depth': 20, 'min_samples_leaf': 5, 'n_estimators': 200}",0.08642042559814689,22,0.6933286262667836
RF,多步直接预测,7,"{'max_depth': None, 'min_samples_leaf': 5, 'n_estimators': 200}",0.08642042559814689,22,0.6933286262667836
RF,多步直接预测,7,"{'max_depth': 12, 'min_samples_leaf': 3, 'n_estimators': 200}",0.08436247051085974,25,0.6953012108956337
RF,多步直接预测,7,"{'max_depth': 12, 'min_samples_leaf': 3, 'n_estimators': 300}",0.08520638960579477,26,0.6960075801443494
RF,多步直接预测,7,"{'max_depth': 12, 'min_samples_leaf': 3, 'n_estimators': 500}",0.08645898338054504,27,0.6965208314484322
RF,多步直接预测,7,"{'max_depth': 12, 'min_samples_leaf': 3, 'n_estimators': 400}",0.08680210987377664,28,0.6966805456684373
RF,多步直接预测,7,"{'max_depth': 10, 'min_samples_leaf': 3, 'n_estimators': 500}",0.08590468680713721,29,0.6972666622940435
RF,多步直接预测,7,"{'max_depth': 10, 'min_samples_leaf': 3, 'n_estimators': 400}",0.08849674444471775,30,0.6985339746305069
RF,多步直接预测,7,"{'max_depth': 10, 'min_samples_leaf': 3, 'n_estimators': 300}",0.08775270313467216,31,0.6986031531714757
RF,多步直接预测,7,"{'max_depth': 20, 'min_samples_leaf': 3, 'n_estimators': 500}",0.08761982803076594,32,0.7002031671607298
RF,多步直接预测,7,"{'max_depth': None, 'min_samples_leaf': 3, 'n_estimators': 500}",0.08772376451202173,33,0.7003460194763561
RF,多步直接预测,7,"{'max_depth': 25, 'min_samples_leaf': 3, 'n_estimators': 500}",0.08772376451202173,33,0.7003460194763561
RF,多步直接预测,7,"{'max_depth': 20, 'min_samples_leaf': 3, 'n_estimators': 300}",0.088726456525475,35,0.7005228597638363
RF,多步直接预测,7,"{'max_depth': 25, 'min_samples_leaf': 3, 'n_estimators': 300}",0.08882353389124087,36,0.7006531985120071
RF,多步直接预测,7,"{'max_depth': None, 'min_samples_leaf': 3, 'n_estimators': 300}",0.0888235338912409,37,0.7006531985120072
RF,多步直接预测,7,"{'max_depth': 20, 'min_samples_leaf': 3, 'n_estimators': 400}",0.08935780331367277,38,0.7008873593771305
RF,多步直接预测,7,"{'max_depth': 25, 'min_samples_leaf': 3, 'n_estimators': 400}",0.08946837175424696,39,0.7010385486734562
RF,多步直接预测,7,"{'max_depth': None, 'min_samples_leaf': 3, 'n_estimators': 400}",0.08946837175424702,40,0.7010385486734565
RF,多步直接预测,7,"{'max_depth': 15, 'min_samples_leaf': 3, 'n_estimators': 500}",0.08749398951779143,41,0.7010963362480305
RF,多步直接预测,7,"{'max_depth': 20, 'min_samples_leaf': 3, 'n_estimators': 200}",0.08766629433444838,42,0.7012051595075045
RF,多步直接预测,7,"{'max_depth': 25, 'min_samples_leaf': 3, 'n_estimators': 200}",0.08772396717559917,43,0.7012839310197222
RF,多步直接预测,7,"{'max_depth': None, 'min_samples_leaf': 3, 'n_estimators': 200}",0.0877239671755992,43,0.7012839310197222
RF,多步直接预测,7,"{'max_depth': 15, 'min_samples_leaf': 3, 'n_estimators': 300}",0.08795848537836702,45,0.7012860413789119
RF,多步直接预测,7,"{'max_depth': 15, 'min_samples_leaf': 3, 'n_estimators': 200}",0.08634770926414391,46,0.7013144293725575
RF,多步直接预测,7,"{'max_depth': 15, 'min_samples_leaf': 3, 'n_estimators': 400}",0.08892190036375017,47,0.7018961219953018
RF,多步直接预测,7,"{'max_depth': 10, 'min_samples_leaf': 3, 'n_estimators': 200}",0.08736667883790764,48,0.7025777937408993
RF,多步直接预测,7,"{'max_depth': 20, 'min_samples_leaf': 1, 'n_estimators': 400}",0.0867782974116725,49,0.7160411385402812
RF,多步直接预测,7,"{'max_depth': None, 'min_samples_leaf': 1, 'n_estimators': 400}",0.08921774513405205,50,0.7173031285137159
RF,多步直接预测,7,"{'max_depth': 25, 'min_samples_leaf': 1, 'n_estimators': 400}",0.08927168521676235,51,0.7173984808620166
RF,多步直接预测,7,"{'max_depth': 20, 'min_samples_leaf': 1, 'n_estimators': 500}",0.0864340427157554,52,0.7177870581796886
RF,多步直接预测,7,"{'max_depth': 20, 'min_samples_leaf': 1, 'n_estimators': 300}",0.08660044558068963,53,0.7184345818789151
RF,多步直接预测,7,"{'max_depth': None, 'min_samples_leaf': 1, 'n_estimators': 500}",0.08868010034882905,54,0.7197205553377467
RF,多步直接预测,7,"{'max_depth': 25, 'min_samples_leaf': 1, 'n_estimators': 500}",0.08872033534839446,55,0.7197911621196854
RF,多步直接预测,7,"{'max_depth': 25, 'min_samples_leaf': 1, 'n_estimators': 300}",0.08886658762220641,56,0.7198823258372592
RF,多步直接预测,7,"{'max_depth': None, 'min_samples_leaf': 1, 'n_estimators': 300}",0.0889042152203464,57,0.7199455879173672
RF,多步直接预测,7,"{'max_depth': 15, 'min_samples_leaf': 1, 'n_estimators': 400}",0.08704518762370098,58,0.7200971881969315
RF,多步直接预测,7,"{'max_depth': 20, 'min_samples_leaf': 1, 'n_estimators': 200}",0.09006418321117705,59,0.7203286962436185
RF,多步直接预测,7,"{'max_depth': None, 'min_samples_leaf': 1, 'n_estimators': 200}",0.09197083589831567,60,0.7216479675061153
RF,多步直接预测,7,"{'max_depth': 25, 'min_samples_leaf': 1, 'n_estimators': 200}",0.09214141727365212,61,0.7219619413513985
RF,多步直接预测,7,"{'max_depth': 15, 'min_samples_leaf': 1, 'n_estimators': 300}",0.08573414622828993,62,0.7219828852632908
RF,多步直接预测,7,"{'max_depth': 10, 'min_samples_leaf': 1, 'n_estimators': 300}",0.08974936588414133,63,0.7223218957848808
RF,多步直接预测,7,"{'max_depth': 10, 'min_samples_leaf': 1, 'n_estimators': 400}",0.09027694944479903,64,0.7227571598046864
RF,多步直接预测,7,"{'max_depth': 15, 'min_samples_leaf': 1, 'n_estimators': 500}",0.08730783850737943,65,0.7232023735687131
RF,多步直接预测,7,"{'max_depth': 10, 'min_samples_leaf': 1, 'n_estimators': 500}",0.09103128605953224,66,0.7237278644923636
RF,多步直接预测,7,"{'max_depth': 12, 'min_samples_leaf': 1, 'n_estimators': 500}",0.0885807511056265,67,0.7250597606982211
RF,多步直接预测,7,"{'max_depth': 15, 'min_samples_leaf': 1, 'n_estimators': 200}",0.09119433687250224,68,0.7251714050469772
RF,多步直接预测,7,"{'max_depth': 12, 'min_samples_leaf': 1, 'n_estimators': 400}",0.08914254244590689,69,0.7260502155894378
RF,多步直接预测,7,"{'max_depth': 12, 'min_samples_leaf': 1, 'n_estimators': 300}",0.08915104913079953,70,0.7262208816728433
RF,多步直接预测,7,"{'max_depth': 10, 'min_samples_leaf': 1, 'n_estimators': 200}",0.09140149877333485,71,0.7275472509434809
RF,多步直接预测,7,"{'max_depth': 12, 'min_samples_leaf': 1, 'n_estimators': 200}",0.0919645680984235,72,0.7282690938143258
RF,多输出预测,1,"{'max_depth': 10, 'min_samples_leaf': 5, 'n_estimators': 200}",0.0488949488549086,1,0.5586579725119468
RF,多输出预测,1,"{'max_depth': 15, 'min_samples_leaf': 5, 'n_estimators': 200}",0.05378407915370786,2,0.5588466592813706
RF,多输出预测,1,"{'max_depth': 20, 'min_samples_leaf': 5, 'n_estimators': 200}",0.05427706593582479,3,0.5592830507313752
RF,多输出预测,1,"{'max_depth': None, 'min_samples_leaf': 5, 'n_estimators': 200}",0.054277065935824834,3,0.5592830507313752
RF,多输出预测,1,"{'max_depth': 25, 'min_samples_leaf': 5, 'n_estimators': 200}",0.05427706593582479,3,0.5592830507313752
RF,多输出预测,1,"{'max_depth': 12, 'min_samples_leaf': 5, 'n_estimators': 200}",0.054227266093019116,6,0.5599629942636604
RF,多输出预测,1,"{'max_depth': 10, 'min_samples_leaf': 5, 'n_estimators': 300}",0.052304380881700537,7,0.5600909503794181
RF,多输出预测,1,"{'max_depth': 10, 'min_samples_leaf': 5, 'n_estimators': 400}",0.052362313749113716,8,0.5601116015302163
RF,多输出预测,1,"{'max_depth': 10, 'min_samples_leaf': 5, 'n_estimators': 500}",0.05266614403854508,9,0.5602237525662447
RF,多输出预测,1,"{'max_depth': 15, 'min_samples_leaf': 5, 'n_estimators': 400}",0.05443700686813079,10,0.5614368320214499
RF,多输出预测,1,"{'max_depth': 15, 'min_samples_leaf': 5, 'n_estimators': 500}",0.05322738459126215,11,0.5614474867526257
RF,多输出预测,1,"{'max_depth': 20, 'min_samples_leaf': 5, 'n_estimators': 500}",0.053673102232334936,12,0.5618244386149497
RF,多输出预测,1,"{'max_depth': 25, 'min_samples_leaf': 5, 'n_estimators': 500}",0.0536731022323349,12,0.5618244386149497
RF,多输出预测,1,"{'max_depth': None, 'min_samples_leaf': 5, 'n_estimators': 500}",0.0536731022323349,12,0.5618244386149497
RF,多输出预测,1,"{'max_depth': None, 'min_samples_leaf': 5, 'n_estimators': 400}",0.05499493619660563,15,0.5618790216893782
RF,多输出预测,1,"{'max_depth': 20, 'min_samples_leaf': 5, 'n_estimators': 400}",0.05499493619660563,15,0.5618790216893782
RF,多输出预测,1,"{'max_depth': 25, 'min_samples_leaf': 5, 'n_estimators': 400}",0.05499493619660563,15,0.5618790216893782
RF,多输出预测,1,"{'max_depth': 15, 'min_samples_leaf': 5, 'n_estimators': 300}",0.05498866216528723,18,0.562376507373363
RF,多输出预测,1,"{'max_depth': 12, 'min_samples_leaf': 5, 'n_estimators': 400}",0.055259956610489755,19,0.5627084272935732
RF,多输出预测,1,"{'max_depth': 12, 'min_samples_leaf': 5, 'n_estimators': 500}",0.054515388693207274,20,0.5627763484398712
RF,多输出预测,1,"{'max_depth': 25, 'min_samples_leaf': 5, 'n_estimators': 300}",0.055689352453790926,21,0.5629238813413889
RF,多输出预测,1,"{'max_depth': 20, 'min_samples_leaf': 5, 'n_estimators': 300}",0.05568935245379096,21,0.5629238813413889
RF,多输出预测,1,"{'max_depth': None, 'min_samples_leaf': 5, 'n_estimators': 300}",0.05568935245379096,21,0.5629238813413889
RF,多输出预测,1,"{'max_depth': 12, 'min_samples_leaf': 5, 'n_estimators': 300}",0.055544579071384506,24,0.5634112403198236
RF,多输出预测,1,"{'max_depth': 12, 'min_samples_leaf': 3, 'n_estimators': 400}",0.053547279296900244,25,0.5696594414411438
RF,多输出预测,1,"{'max_depth': 12, 'min_samples_leaf': 3, 'n_estimators': 300}",0.05353826877546717,26,0.5699726576886561
RF,多输出预测,1,"{'max_depth': 12, 'min_samples_leaf': 3, 'n_estimators': 500}",0.05406899896163644,27,0.5700045500615455
RF,多输出预测,1,"{'max_depth': 12, 'min_samples_leaf': 3, 'n_estimators': 200}",0.0542664453070525,28,0.5710048293372898
RF,多输出预测,1,"{'max_depth': 10, 'min_samples_leaf': 3, 'n_estimators': 200}",0.05314315979750359,29,0.5717616371893574
RF,多输出预测,1,"{'max_depth': 10, 'min_samples_leaf': 3, 'n_estimators': 300}",0.05373561403681506,30,0.5722554272021178
RF,多输出预测,1,"{'max_depth': 10, 'min_samples_leaf': 3, 'n_estimators': 400}",0.0547232780958634,31,0.5724718846383595
RF,多输出预测,1,"{'max_depth': 10, 'min_samples_leaf': 3, 'n_estimators': 500}",0.054822771951936466,32,0.5725319982735942
RF,多输出预测,1,"{'max_depth': 15, 'min_samples_leaf': 3, 'n_estimators': 500}",0.05413048496676773,33,0.572886894006016
RF,多输出预测,1,"{'max_depth': 20, 'min_samples_leaf': 3, 'n_estimators': 500}",0.05491511024800623,34,0.5729960869928629
RF,多输出预测,1,"{'max_depth': None, 'min_samples_leaf': 3, 'n_estimators': 500}",0.054959410198637024,35,0.5730664866459015
RF,多输出预测,1,"{'max_depth': 25, 'min_samples_leaf': 3, 'n_estimators': 500}",0.054959410198637045,35,0.5730664866459015
RF,多输出预测,1,"{'max_depth': 20, 'min_samples_leaf': 3, 'n_estimators': 400}",0.05483377238763422,37,0.5735021814892457
RF,多输出预测,1,"{'max_depth': None, 'min_samples_leaf': 3, 'n_estimators': 400}",0.05486162335208013,38,0.5735570587991551
RF,多输出预测,1,"{'max_depth': 25, 'min_samples_leaf': 3, 'n_estimators': 400}",0.05486162335208013,38,0.5735570587991551
RF,多输出预测,1,"{'max_depth': 15, 'min_samples_leaf': 3, 'n_estimators': 400}",0.05400336663184236,40,0.5736472766395666
RF,多输出预测,1,"{'max_depth': 20, 'min_samples_leaf': 3, 'n_estimators': 200}",0.055172726651632684,41,0.5741558379076533
RF,多输出预测,1,"{'max_depth': 25, 'min_samples_leaf': 3, 'n_estimators': 200}",0.055222347877437884,42,0.5742631231535108
RF,多输出预测,1,"{'max_depth': None, 'min_samples_leaf': 3, 'n_estimators': 200}",0.055222347877437884,42,0.5742631231535108
RF,多输出预测,1,"{'max_depth': 15, 'min_samples_leaf': 3, 'n_estimators': 300}",0.0543157259048051,44,0.5743543140257709
RF,多输出预测,1,"{'max_depth': 15, 'min_samples_leaf': 3, 'n_estimators': 200}",0.053945284794182875,45,0.5743869688634983
RF,多输出预测,1,"{'max_depth': 20, 'min_samples_leaf': 3, 'n_estimators': 300}",0.05564979489573002,46,0.574735486499161
RF,多输出预测,1,"{'max_depth': 25, 'min_samples_leaf': 3, 'n_estimators': 300}",0.05568608392546616,47,0.5748078792903343
RF,多输出预测,1,"{'max_depth': None, 'min_samples_leaf': 3, 'n_estimators': 300}",0.05568608392546618,48,0.5748078792903345
RF,多输出预测,1,"{'max_depth': 10, 'min_samples_leaf': 1, 'n_estimators': 200}",0.057588890107744865,49,0.586958102129309
RF,多输出预测,1,"{'max_depth': 10, 'min_samples_leaf': 1, 'n_estimators': 400}",0.05994779350364381,50,0.5888638879163558
RF,多输出预测,1,"{'max_depth': 15, 'min_samples_leaf': 1, 'n_estimators': 200}",0.06028710448919716,51,0.5894645428734834
RF,多输出预测,1,"{'max_depth': 10, 'min_samples_leaf': 1, 'n_estimators': 500}",0.061038542371381836,52,0.5899694600778028
RF,多输出预测,1,"{'max_depth': 12, 'min_samples_leaf': 1, 'n_estimators': 400}",0.06245114839231266,53,0.5903190295491818
RF,多输出预测,1,"{'max_depth': 25, 'min_samples_leaf': 1, 'n_estimators': 200}",0.056887234614262226,54,0.5903941492374779
RF,多输出预测,1,"{'max_depth': 12, 'min_samples_leaf': 1, 'n_estimators': 200}",0.058972870210762196,55,0.590398144359156
RF,多输出预测,1,"{'max_depth': 10, 'min_samples_leaf': 1, 'n_estimators': 300}",0.061647670617491816,56,0.590436048315767
RF,多输出预测,1,"{'max_depth': 20, 'min_samples_leaf': 1, 'n_estimators': 200}",0.05818123276936459,57,0.590701913303354
RF,多输出预测,1,"{'max_depth': None, 'min_samples_leaf': 1, 'n_estimators': 200}",0.056710328082785026,58,0.590824853633396
RF,多输出预测,1,"{'max_depth': 20, 'min_samples_leaf': 1, 'n_estimators': 400}",0.06127049157184639,59,0.5911149370290756
RF,多输出预测,1,"{'max_depth': 25, 'min_samples_leaf': 1, 'n_estimators': 400}",0.06100388982754109,60,0.5913762224367846
RF,多输出预测,1,"{'max_depth': None, 'min_samples_leaf': 1, 'n_estimators': 400}",0.0608263241623857,61,0.5916553689166771
RF,多输出预测,1,"{'max_depth': 12, 'min_samples_leaf': 1, 'n_estimators': 300}",0.0630335301586659,62,0.5917713906117972
RF,多输出预测,1,"{'max_depth': 15, 'min_samples_leaf': 1, 'n_estimators': 400}",0.06300085173252638,63,0.5920891201400575
RF,多输出预测,1,"{'max_depth': 20, 'min_samples_leaf': 1, 'n_estimators': 500}",0.06276874888727457,64,0.5924654341465763
RF,多输出预测,1,"{'max_depth': 12, 'min_samples_leaf': 1, 'n_estimators': 500}",0.0641245730057386,65,0.5927744640517456
RF,多输出预测,1,"{'max_depth': 25, 'min_samples_leaf': 1, 'n_estimators': 500}",0.0622427699040287,66,0.5930648951881407
RF,多输出预测,1,"{'max_depth': 15, 'min_samples_leaf': 1, 'n_estimators': 500}",0.06354145896226775,67,0.5930827838840922
RF,多输出预测,1,"{'max_depth': 20, 'min_samples_leaf': 1, 'n_estimators': 300}",0.061797011654901535,68,0.593160332498995
RF,多输出预测,1,"{'max_depth': 25, 'min_samples_leaf': 1, 'n_estimators': 300}",0.061475537576207724,69,0.5932201554147725
RF,多输出预测,1,"{'max_depth': None, 'min_samples_leaf': 1, 'n_estimators': 500}",0.062078577247512194,70,0.5933334534038882
RF,多输出预测,1,"{'max_depth': 15, 'min_samples_leaf': 1, 'n_estimators': 300}",0.06407533592894167,71,0.5934155131798416
RF,多输出预测,1,"{'max_depth': None, 'min_samples_leaf': 1, 'n_estimators': 300}",0.0613522715203259,72,0.5936560875343299
RF,多输出预测,2,"{'max_depth': 10, 'min_samples_leaf': 5, 'n_estimators': 200}",0.0488949488549086,1,0.5586579725119468
RF,多输出预测,2,"{'max_depth': 15, 'min_samples_leaf': 5, 'n_estimators': 200}",0.05378407915370786,2,0.5588466592813706
RF,多输出预测,2,"{'max_depth': 20, 'min_samples_leaf': 5, 'n_estimators': 200}",0.05427706593582479,3,0.5592830507313752
RF,多输出预测,2,"{'max_depth': None, 'min_samples_leaf': 5, 'n_estimators': 200}",0.054277065935824834,3,0.5592830507313752
RF,多输出预测,2,"{'max_depth': 25, 'min_samples_leaf': 5, 'n_estimators': 200}",0.05427706593582479,3,0.5592830507313752
RF,多输出预测,2,"{'max_depth': 12, 'min_samples_leaf': 5, 'n_estimators': 200}",0.054227266093019116,6,0.5599629942636604
RF,多输出预测,2,"{'max_depth': 10, 'min_samples_leaf': 5, 'n_estimators': 300}",0.052304380881700537,7,0.5600909503794181
RF,多输出预测,2,"{'max_depth': 10, 'min_samples_leaf': 5, 'n_estimators': 400}",0.052362313749113716,8,0.5601116015302163
RF,多输出预测,2,"{'max_depth': 10, 'min_samples_leaf': 5, 'n_estimators': 500}",0.05266614403854508,9,0.5602237525662447
RF,多输出预测,2,"{'max_depth': 15, 'min_samples_leaf': 5, 'n_estimators': 400}",0.05443700686813079,10,0.5614368320214499
RF,多输出预测,2,"{'max_depth': 15, 'min_samples_leaf': 5, 'n_estimators': 500}",0.05322738459126215,11,0.5614474867526257
RF,多输出预测,2,"{'max_depth': 20, 'min_samples_leaf': 5, 'n_estimators': 500}",0.053673102232334936,12,0.5618244386149497
RF,多输出预测,2,"{'max_depth': 25, 'min_samples_leaf': 5, 'n_estimators': 500}",0.0536731022323349,12,0.5618244386149497
RF,多输出预测,2,"{'max_depth': None, 'min_samples_leaf': 5, 'n_estimators': 500}",0.0536731022323349,12,0.5618244386149497
RF,多输出预测,2,"{'max_depth': None, 'min_samples_leaf': 5, 'n_estimators': 400}",0.05499493619660563,15,0.5618790216893782
RF,多输出预测,2,"{'max_depth': 20, 'min_samples_leaf': 5, 'n_estimators': 400}",0.05499493619660563,15,0.5618790216893782
RF,多输出预测,2,"{'max_depth': 25, 'min_samples_leaf': 5, 'n_estimators': 400}",0.05499493619660563,15,0.5618790216893782
RF,多输出预测,2,"{'max_depth': 15, 'min_samples_leaf': 5, 'n_estimators': 300}",0.05498866216528723,18,0.562376507373363
RF,多输出预测,2,"{'max_depth': 12, 'min_samples_leaf': 5, 'n_estimators': 400}",0.055259956610489755,19,0.5627084272935732
RF,多输出预测,2,"{'max_depth': 12, 'min_samples_leaf': 5, 'n_estimators': 500}",0.054515388693207274,20,0.5627763484398712
RF,多输出预测,2,"{'max_depth': 25, 'min_samples_leaf': 5, 'n_estimators': 300}",0.055689352453790926,21,0.5629238813413889
RF,多输出预测,2,"{'max_depth': 20, 'min_samples_leaf': 5, 'n_estimators': 300}",0.05568935245379096,21,0.5629238813413889
RF,多输出预测,2,"{'max_depth': None, 'min_samples_leaf': 5, 'n_estimators': 300}",0.05568935245379096,21,0.5629238813413889
RF,多输出预测,2,"{'max_depth': 12, 'min_samples_leaf': 5, 'n_estimators': 300}",0.055544579071384506,24,0.5634112403198236
RF,多输出预测,2,"{'max_depth': 12, 'min_samples_leaf': 3, 'n_estimators': 400}",0.053547279296900244,25,0.5696594414411438
RF,多输出预测,2,"{'max_depth': 12, 'min_samples_leaf': 3, 'n_estimators': 300}",0.05353826877546717,26,0.5699726576886561
RF,多输出预测,2,"{'max_depth': 12, 'min_samples_leaf': 3, 'n_estimators': 500}",0.05406899896163644,27,0.5700045500615455
RF,多输出预测,2,"{'max_depth': 12, 'min_samples_leaf': 3, 'n_estimators': 200}",0.0542664453070525,28,0.5710048293372898
RF,多输出预测,2,"{'max_depth': 10, 'min_samples_leaf': 3, 'n_estimators': 200}",0.05314315979750359,29,0.5717616371893574
RF,多输出预测,2,"{'max_depth': 10, 'min_samples_leaf': 3, 'n_estimators': 300}",0.05373561403681506,30,0.5722554272021178
RF,多输出预测,2,"{'max_depth': 10, 'min_samples_leaf': 3, 'n_estimators': 400}",0.0547232780958634,31,0.5724718846383595
RF,多输出预测,2,"{'max_depth': 10, 'min_samples_leaf': 3, 'n_estimators': 500}",0.054822771951936466,32,0.5725319982735942
RF,多输出预测,2,"{'max_depth': 15, 'min_samples_leaf': 3, 'n_estimators': 500}",0.05413048496676773,33,0.572886894006016
RF,多输出预测,2,"{'max_depth': 20, 'min_samples_leaf': 3, 'n_estimators': 500}",0.05491511024800623,34,0.5729960869928629
RF,多输出预测,2,"{'max_depth': None, 'min_samples_leaf': 3, 'n_estimators': 500}",0.054959410198637024,35,0.5730664866459015
RF,多输出预测,2,"{'max_depth': 25, 'min_samples_leaf': 3, 'n_estimators': 500}",0.054959410198637045,35,0.5730664866459015
RF,多输出预测,2,"{'max_depth': 20, 'min_samples_leaf': 3, 'n_estimators': 400}",0.05483377238763422,37,0.5735021814892457
RF,多输出预测,2,"{'max_depth': None, 'min_samples_leaf': 3, 'n_estimators': 400}",0.05486162335208013,38,0.5735570587991551
RF,多输出预测,2,"{'max_depth': 25, 'min_samples_leaf': 3, 'n_estimators': 400}",0.05486162335208013,38,0.5735570587991551
RF,多输出预测,2,"{'max_depth': 15, 'min_samples_leaf': 3, 'n_estimators': 400}",0.05400336663184236,40,0.5736472766395666
RF,多输出预测,2,"{'max_depth': 20, 'min_samples_leaf': 3, 'n_estimators': 200}",0.055172726651632684,41,0.5741558379076533
RF,多输出预测,2,"{'max_depth': 25, 'min_samples_leaf': 3, 'n_estimators': 200}",0.055222347877437884,42,0.5742631231535108
RF,多输出预测,2,"{'max_depth': None, 'min_samples_leaf': 3, 'n_estimators': 200}",0.055222347877437884,42,0.5742631231535108
RF,多输出预测,2,"{'max_depth': 15, 'min_samples_leaf': 3, 'n_estimators': 300}",0.0543157259048051,44,0.5743543140257709
RF,多输出预测,2,"{'max_depth': 15, 'min_samples_leaf': 3, 'n_estimators': 200}",0.053945284794182875,45,0.5743869688634983
RF,多输出预测,2,"{'max_depth': 20, 'min_samples_leaf': 3, 'n_estimators': 300}",0.05564979489573002,46,0.574735486499161
RF,多输出预测,2,"{'max_depth': 25, 'min_samples_leaf': 3, 'n_estimators': 300}",0.05568608392546616,47,0.5748078792903343
RF,多输出预测,2,"{'max_depth': None, 'min_samples_leaf': 3, 'n_estimators': 300}",0.05568608392546618,48,0.5748078792903345
RF,多输出预测,2,"{'max_depth': 10, 'min_samples_leaf': 1, 'n_estimators': 200}",0.057588890107744865,49,0.586958102129309
RF,多输出预测,2,"{'max_depth': 10, 'min_samples_leaf': 1, 'n_estimators': 400}",0.05994779350364381,50,0.5888638879163558
RF,多输出预测,2,"{'max_depth': 15, 'min_samples_leaf': 1, 'n_estimators': 200}",0.06028710448919716,51,0.5894645428734834
RF,多输出预测,2,"{'max_depth': 10, 'min_samples_leaf': 1, 'n_estimators': 500}",0.061038542371381836,52,0.5899694600778028
RF,多输出预测,2,"{'max_depth': 12, 'min_samples_leaf': 1, 'n_estimators': 400}",0.06245114839231266,53,0.5903190295491818
RF,多输出预测,2,"{'max_depth': 25, 'min_samples_leaf': 1, 'n_estimators': 200}",0.056887234614262226,54,0.5903941492374779
RF,多输出预测,2,"{'max_depth': 12, 'min_samples_leaf': 1, 'n_estimators': 200}",0.058972870210762196,55,0.590398144359156
RF,多输出预测,2,"{'max_depth': 10, 'min_samples_leaf': 1, 'n_estimators': 300}",0.061647670617491816,56,0.590436048315767
RF,多输出预测,2,"{'max_depth': 20, 'min_samples_leaf': 1, 'n_estimators': 200}",0.05818123276936459,57,0.590701913303354
RF,多输出预测,2,"{'max_depth': None, 'min_samples_leaf': 1, 'n_estimators': 200}",0.056710328082785026,58,0.590824853633396
RF,多输出预测,2,"{'max_depth': 20, 'min_samples_leaf': 1, 'n_estimators': 400}",0.06127049157184639,59,0.5911149370290756
RF,多输出预测,2,"{'max_depth': 25, 'min_samples_leaf': 1, 'n_estimators': 400}",0.06100388982754109,60,0.5913762224367846
RF,多输出预测,2,"{'max_depth': None, 'min_samples_leaf': 1, 'n_estimators': 400}",0.0608263241623857,61,0.5916553689166771
RF,多输出预测,2,"{'max_depth': 12, 'min_samples_leaf': 1, 'n_estimators': 300}",0.0630335301586659,62,0.5917713906117972
RF,多输出预测,2,"{'max_depth': 15, 'min_samples_leaf': 1, 'n_estimators': 400}",0.06300085173252638,63,0.5920891201400575
RF,多输出预测,2,"{'max_depth': 20, 'min_samples_leaf': 1, 'n_estimators': 500}",0.06276874888727457,64,0.5924654341465763
RF,多输出预测,2,"{'max_depth': 12, 'min_samples_leaf': 1, 'n_estimators': 500}",0.0641245730057386,65,0.5927744640517456
RF,多输出预测,2,"{'max_depth': 25, 'min_samples_leaf': 1, 'n_estimators': 500}",0.0622427699040287,66,0.5930648951881407
RF,多输出预测,2,"{'max_depth': 15, 'min_samples_leaf': 1, 'n_estimators': 500}",0.06354145896226775,67,0.5930827838840922
RF,多输出预测,2,"{'max_depth': 20, 'min_samples_leaf': 1, 'n_estimators': 300}",0.061797011654901535,68,0.593160332498995
RF,多输出预测,2,"{'max_depth': 25, 'min_samples_leaf': 1, 'n_estimators': 300}",0.061475537576207724,69,0.5932201554147725
RF,多输出预测,2,"{'max_depth': None, 'min_samples_leaf': 1, 'n_estimators': 500}",0.062078577247512194,70,0.5933334534038882
RF,多输出预测,2,"{'max_depth': 15, 'min_samples_leaf': 1, 'n_estimators': 300}",0.06407533592894167,71,0.5934155131798416
RF,多输出预测,2,"{'max_depth': None, 'min_samples_leaf': 1, 'n_estimators': 300}",0.0613522715203259,72,0.5936560875343299
RF,多输出预测,3,"{'max_depth': 10, 'min_samples_leaf': 5, 'n_estimators': 200}",0.0488949488549086,1,0.5586579725119468
RF,多输出预测,3,"{'max_depth': 15, 'min_samples_leaf': 5, 'n_estimators': 200}",0.05378407915370786,2,0.5588466592813706
RF,多输出预测,3,"{'max_depth': 20, 'min_samples_leaf': 5, 'n_estimators': 200}",0.05427706593582479,3,0.5592830507313752
RF,多输出预测,3,"{'max_depth': None, 'min_samples_leaf': 5, 'n_estimators': 200}",0.054277065935824834,3,0.5592830507313752
RF,多输出预测,3,"{'max_depth': 25, 'min_samples_leaf': 5, 'n_estimators': 200}",0.05427706593582479,3,0.5592830507313752
RF,多输出预测,3,"{'max_depth': 12, 'min_samples_leaf': 5, 'n_estimators': 200}",0.054227266093019116,6,0.5599629942636604
RF,多输出预测,3,"{'max_depth': 10, 'min_samples_leaf': 5, 'n_estimators': 300}",0.052304380881700537,7,0.5600909503794181
RF,多输出预测,3,"{'max_depth': 10, 'min_samples_leaf': 5, 'n_estimators': 400}",0.052362313749113716,8,0.5601116015302163
RF,多输出预测,3,"{'max_depth': 10, 'min_samples_leaf': 5, 'n_estimators': 500}",0.05266614403854508,9,0.5602237525662447
RF,多输出预测,3,"{'max_depth': 15, 'min_samples_leaf': 5, 'n_estimators': 400}",0.05443700686813079,10,0.5614368320214499
RF,多输出预测,3,"{'max_depth': 15, 'min_samples_leaf': 5, 'n_estimators': 500}",0.05322738459126215,11,0.5614474867526257
RF,多输出预测,3,"{'max_depth': 20, 'min_samples_leaf': 5, 'n_estimators': 500}",0.053673102232334936,12,0.5618244386149497
RF,多输出预测,3,"{'max_depth': 25, 'min_samples_leaf': 5, 'n_estimators': 500}",0.0536731022323349,12,0.5618244386149497
RF,多输出预测,3,"{'max_depth': None, 'min_samples_leaf': 5, 'n_estimators': 500}",0.0536731022323349,12,0.5618244386149497
RF,多输出预测,3,"{'max_depth': None, 'min_samples_leaf': 5, 'n_estimators': 400}",0.05499493619660563,15,0.5618790216893782
RF,多输出预测,3,"{'max_depth': 20, 'min_samples_leaf': 5, 'n_estimators': 400}",0.05499493619660563,15,0.5618790216893782
RF,多输出预测,3,"{'max_depth': 25, 'min_samples_leaf': 5, 'n_estimators': 400}",0.05499493619660563,15,0.5618790216893782
RF,多输出预测,3,"{'max_depth': 15, 'min_samples_leaf': 5, 'n_estimators': 300}",0.05498866216528723,18,0.562376507373363
RF,多输出预测,3,"{'max_depth': 12, 'min_samples_leaf': 5, 'n_estimators': 400}",0.055259956610489755,19,0.5627084272935732
RF,多输出预测,3,"{'max_depth': 12, 'min_samples_leaf': 5, 'n_estimators': 500}",0.054515388693207274,20,0.5627763484398712
RF,多输出预测,3,"{'max_depth': 25, 'min_samples_leaf': 5, 'n_estimators': 300}",0.055689352453790926,21,0.5629238813413889
RF,多输出预测,3,"{'max_depth': 20, 'min_samples_leaf': 5, 'n_estimators': 300}",0.05568935245379096,21,0.5629238813413889
RF,多输出预测,3,"{'max_depth': None, 'min_samples_leaf': 5, 'n_estimators': 300}",0.05568935245379096,21,0.5629238813413889
RF,多输出预测,3,"{'max_depth': 12, 'min_samples_leaf': 5, 'n_estimators': 300}",0.055544579071384506,24,0.5634112403198236
RF,多输出预测,3,"{'max_depth': 12, 'min_samples_leaf': 3, 'n_estimators': 400}",0.053547279296900244,25,0.5696594414411438
RF,多输出预测,3,"{'max_depth': 12, 'min_samples_leaf': 3, 'n_estimators': 300}",0.05353826877546717,26,0.5699726576886561
RF,多输出预测,3,"{'max_depth': 12, 'min_samples_leaf': 3, 'n_estimators': 500}",0.05406899896163644,27,0.5700045500615455
RF,多输出预测,3,"{'max_depth': 12, 'min_samples_leaf': 3, 'n_estimators': 200}",0.0542664453070525,28,0.5710048293372898
RF,多输出预测,3,"{'max_depth': 10, 'min_samples_leaf': 3, 'n_estimators': 200}",0.05314315979750359,29,0.5717616371893574
RF,多输出预测,3,"{'max_depth': 10, 'min_samples_leaf': 3, 'n_estimators': 300}",0.05373561403681506,30,0.5722554272021178
RF,多输出预测,3,"{'max_depth': 10, 'min_samples_leaf': 3, 'n_estimators': 400}",0.0547232780958634,31,0.5724718846383595
RF,多输出预测,3,"{'max_depth': 10, 'min_samples_leaf': 3, 'n_estimators': 500}",0.054822771951936466,32,0.5725319982735942
RF,多输出预测,3,"{'max_depth': 15, 'min_samples_leaf': 3, 'n_estimators': 500}",0.05413048496676773,33,0.572886894006016
RF,多输出预测,3,"{'max_depth': 20, 'min_samples_leaf': 3, 'n_estimators': 500}",0.05491511024800623,34,0.5729960869928629
RF,多输出预测,3,"{'max_depth': None, 'min_samples_leaf': 3, 'n_estimators': 500}",0.054959410198637024,35,0.5730664866459015
RF,多输出预测,3,"{'max_depth': 25, 'min_samples_leaf': 3, 'n_estimators': 500}",0.054959410198637045,35,0.5730664866459015
RF,多输出预测,3,"{'max_depth': 20, 'min_samples_leaf': 3, 'n_estimators': 400}",0.05483377238763422,37,0.5735021814892457
RF,多输出预测,3,"{'max_depth': None, 'min_samples_leaf': 3, 'n_estimators': 400}",0.05486162335208013,38,0.5735570587991551
RF,多输出预测,3,"{'max_depth': 25, 'min_samples_leaf': 3, 'n_estimators': 400}",0.05486162335208013,38,0.5735570587991551
RF,多输出预测,3,"{'max_depth': 15, 'min_samples_leaf': 3, 'n_estimators': 400}",0.05400336663184236,40,0.5736472766395666
RF,多输出预测,3,"{'max_depth': 20, 'min_samples_leaf': 3, 'n_estimators': 200}",0.055172726651632684,41,0.5741558379076533
RF,多输出预测,3,"{'max_depth': 25, 'min_samples_leaf': 3, 'n_estimators': 200}",0.055222347877437884,42,0.5742631231535108
RF,多输出预测,3,"{'max_depth': None, 'min_samples_leaf': 3, 'n_estimators': 200}",0.055222347877437884,42,0.5742631231535108
RF,多输出预测,3,"{'max_depth': 15, 'min_samples_leaf': 3, 'n_estimators': 300}",0.0543157259048051,44,0.5743543140257709
RF,多输出预测,3,"{'max_depth': 15, 'min_samples_leaf': 3, 'n_estimators': 200}",0.053945284794182875,45,0.5743869688634983
RF,多输出预测,3,"{'max_depth': 20, 'min_samples_leaf': 3, 'n_estimators': 300}",0.05564979489573002,46,0.574735486499161
RF,多输出预测,3,"{'max_depth': 25, 'min_samples_leaf': 3, 'n_estimators': 300}",0.05568608392546616,47,0.5748078792903343
RF,多输出预测,3,"{'max_depth': None, 'min_samples_leaf': 3, 'n_estimators': 300}",0.05568608392546618,48,0.5748078792903345
RF,多输出预测,3,"{'max_depth': 10, 'min_samples_leaf': 1, 'n_estimators': 200}",0.057588890107744865,49,0.586958102129309
RF,多输出预测,3,"{'max_depth': 10, 'min_samples_leaf': 1, 'n_estimators': 400}",0.05994779350364381,50,0.5888638879163558
RF,多输出预测,3,"{'max_depth': 15, 'min_samples_leaf': 1, 'n_estimators': 200}",0.06028710448919716,51,0.5894645428734834
RF,多输出预测,3,"{'max_depth': 10, 'min_samples_leaf': 1, 'n_estimators': 500}",0.061038542371381836,52,0.5899694600778028
RF,多输出预测,3,"{'max_depth': 12, 'min_samples_leaf': 1, 'n_estimators': 400}",0.06245114839231266,53,0.5903190295491818
RF,多输出预测,3,"{'max_depth': 25, 'min_samples_leaf': 1, 'n_estimators': 200}",0.056887234614262226,54,0.5903941492374779
RF,多输出预测,3,"{'max_depth': 12, 'min_samples_leaf': 1, 'n_estimators': 200}",0.058972870210762196,55,0.590398144359156
RF,多输出预测,3,"{'max_depth': 10, 'min_samples_leaf': 1, 'n_estimators': 300}",0.061647670617491816,56,0.590436048315767
RF,多输出预测,3,"{'max_depth': 20, 'min_samples_leaf': 1, 'n_estimators': 200}",0.05818123276936459,57,0.590701913303354
RF,多输出预测,3,"{'max_depth': None, 'min_samples_leaf': 1, 'n_estimators': 200}",0.056710328082785026,58,0.590824853633396
RF,多输出预测,3,"{'max_depth': 20, 'min_samples_leaf': 1, 'n_estimators': 400}",0.06127049157184639,59,0.5911149370290756
RF,多输出预测,3,"{'max_depth': 25, 'min_samples_leaf': 1, 'n_estimators': 400}",0.06100388982754109,60,0.5913762224367846
RF,多输出预测,3,"{'max_depth': None, 'min_samples_leaf': 1, 'n_estimators': 400}",0.0608263241623857,61,0.5916553689166771
RF,多输出预测,3,"{'max_depth': 12, 'min_samples_leaf': 1, 'n_estimators': 300}",0.0630335301586659,62,0.5917713906117972
RF,多输出预测,3,"{'max_depth': 15, 'min_samples_leaf': 1, 'n_estimators': 400}",0.06300085173252638,63,0.5920891201400575
RF,多输出预测,3,"{'max_depth': 20, 'min_samples_leaf': 1, 'n_estimators': 500}",0.06276874888727457,64,0.5924654341465763
RF,多输出预测,3,"{'max_depth': 12, 'min_samples_leaf': 1, 'n_estimators': 500}",0.0641245730057386,65,0.5927744640517456
RF,多输出预测,3,"{'max_depth': 25, 'min_samples_leaf': 1, 'n_estimators': 500}",0.0622427699040287,66,0.5930648951881407
RF,多输出预测,3,"{'max_depth': 15, 'min_samples_leaf': 1, 'n_estimators': 500}",0.06354145896226775,67,0.5930827838840922
RF,多输出预测,3,"{'max_depth': 20, 'min_samples_leaf': 1, 'n_estimators': 300}",0.061797011654901535,68,0.593160332498995
RF,多输出预测,3,"{'max_depth': 25, 'min_samples_leaf': 1, 'n_estimators': 300}",0.061475537576207724,69,0.5932201554147725
RF,多输出预测,3,"{'max_depth': None, 'min_samples_leaf': 1, 'n_estimators': 500}",0.062078577247512194,70,0.5933334534038882
RF,多输出预测,3,"{'max_depth': 15, 'min_samples_leaf': 1, 'n_estimators': 300}",0.06407533592894167,71,0.5934155131798416
RF,多输出预测,3,"{'max_depth': None, 'min_samples_leaf': 1, 'n_estimators': 300}",0.0613522715203259,72,0.5936560875343299
RF,多输出预测,4,"{'max_depth': 10, 'min_samples_leaf': 5, 'n_estimators': 200}",0.0488949488549086,1,0.5586579725119468
RF,多输出预测,4,"{'max_depth': 15, 'min_samples_leaf': 5, 'n_estimators': 200}",0.05378407915370786,2,0.5588466592813706
RF,多输出预测,4,"{'max_depth': 20, 'min_samples_leaf': 5, 'n_estimators': 200}",0.05427706593582479,3,0.5592830507313752
RF,多输出预测,4,"{'max_depth': None, 'min_samples_leaf': 5, 'n_estimators': 200}",0.054277065935824834,3,0.5592830507313752
RF,多输出预测,4,"{'max_depth': 25, 'min_samples_leaf': 5, 'n_estimators': 200}",0.05427706593582479,3,0.5592830507313752
RF,多输出预测,4,"{'max_depth': 12, 'min_samples_leaf': 5, 'n_estimators': 200}",0.054227266093019116,6,0.5599629942636604
RF,多输出预测,4,"{'max_depth': 10, 'min_samples_leaf': 5, 'n_estimators': 300}",0.052304380881700537,7,0.5600909503794181
RF,多输出预测,4,"{'max_depth': 10, 'min_samples_leaf': 5, 'n_estimators': 400}",0.052362313749113716,8,0.5601116015302163
RF,多输出预测,4,"{'max_depth': 10, 'min_samples_leaf': 5, 'n_estimators': 500}",0.05266614403854508,9,0.5602237525662447
RF,多输出预测,4,"{'max_depth': 15, 'min_samples_leaf': 5, 'n_estimators': 400}",0.05443700686813079,10,0.5614368320214499
RF,多输出预测,4,"{'max_depth': 15, 'min_samples_leaf': 5, 'n_estimators': 500}",0.05322738459126215,11,0.5614474867526257
RF,多输出预测,4,"{'max_depth': 20, 'min_samples_leaf': 5, 'n_estimators': 500}",0.053673102232334936,12,0.5618244386149497
RF,多输出预测,4,"{'max_depth': 25, 'min_samples_leaf': 5, 'n_estimators': 500}",0.0536731022323349,12,0.5618244386149497
RF,多输出预测,4,"{'max_depth': None, 'min_samples_leaf': 5, 'n_estimators': 500}",0.0536731022323349,12,0.5618244386149497
RF,多输出预测,4,"{'max_depth': None, 'min_samples_leaf': 5, 'n_estimators': 400}",0.05499493619660563,15,0.5618790216893782
RF,多输出预测,4,"{'max_depth': 20, 'min_samples_leaf': 5, 'n_estimators': 400}",0.05499493619660563,15,0.5618790216893782
RF,多输出预测,4,"{'max_depth': 25, 'min_samples_leaf': 5, 'n_estimators': 400}",0.05499493619660563,15,0.5618790216893782
RF,多输出预测,4,"{'max_depth': 15, 'min_samples_leaf': 5, 'n_estimators': 300}",0.05498866216528723,18,0.562376507373363
RF,多输出预测,4,"{'max_depth': 12, 'min_samples_leaf': 5, 'n_estimators': 400}",0.055259956610489755,19,0.5627084272935732
RF,多输出预测,4,"{'max_depth': 12, 'min_samples_leaf': 5, 'n_estimators': 500}",0.054515388693207274,20,0.5627763484398712
RF,多输出预测,4,"{'max_depth': 25, 'min_samples_leaf': 5, 'n_estimators': 300}",0.055689352453790926,21,0.5629238813413889
RF,多输出预测,4,"{'max_depth': 20, 'min_samples_leaf': 5, 'n_estimators': 300}",0.05568935245379096,21,0.5629238813413889
RF,多输出预测,4,"{'max_depth': None, 'min_samples_leaf': 5, 'n_estimators': 300}",0.05568935245379096,21,0.5629238813413889
RF,多输出预测,4,"{'max_depth': 12, 'min_samples_leaf': 5, 'n_estimators': 300}",0.055544579071384506,24,0.5634112403198236
RF,多输出预测,4,"{'max_depth': 12, 'min_samples_leaf': 3, 'n_estimators': 400}",0.053547279296900244,25,0.5696594414411438
RF,多输出预测,4,"{'max_depth': 12, 'min_samples_leaf': 3, 'n_estimators': 300}",0.05353826877546717,26,0.5699726576886561
RF,多输出预测,4,"{'max_depth': 12, 'min_samples_leaf': 3, 'n_estimators': 500}",0.05406899896163644,27,0.5700045500615455
RF,多输出预测,4,"{'max_depth': 12, 'min_samples_leaf': 3, 'n_estimators': 200}",0.0542664453070525,28,0.5710048293372898
RF,多输出预测,4,"{'max_depth': 10, 'min_samples_leaf': 3, 'n_estimators': 200}",0.05314315979750359,29,0.5717616371893574
RF,多输出预测,4,"{'max_depth': 10, 'min_samples_leaf': 3, 'n_estimators': 300}",0.05373561403681506,30,0.5722554272021178
RF,多输出预测,4,"{'max_depth': 10, 'min_samples_leaf': 3, 'n_estimators': 400}",0.0547232780958634,31,0.5724718846383595
RF,多输出预测,4,"{'max_depth': 10, 'min_samples_leaf': 3, 'n_estimators': 500}",0.054822771951936466,32,0.5725319982735942
RF,多输出预测,4,"{'max_depth': 15, 'min_samples_leaf': 3, 'n_estimators': 500}",0.05413048496676773,33,0.572886894006016
RF,多输出预测,4,"{'max_depth': 20, 'min_samples_leaf': 3, 'n_estimators': 500}",0.05491511024800623,34,0.5729960869928629
RF,多输出预测,4,"{'max_depth': None, 'min_samples_leaf': 3, 'n_estimators': 500}",0.054959410198637024,35,0.5730664866459015
RF,多输出预测,4,"{'max_depth': 25, 'min_samples_leaf': 3, 'n_estimators': 500}",0.054959410198637045,35,0.5730664866459015
RF,多输出预测,4,"{'max_depth': 20, 'min_samples_leaf': 3, 'n_estimators': 400}",0.05483377238763422,37,0.5735021814892457
RF,多输出预测,4,"{'max_depth': None, 'min_samples_leaf': 3, 'n_estimators': 400}",0.05486162335208013,38,0.5735570587991551
RF,多输出预测,4,"{'max_depth': 25, 'min_samples_leaf': 3, 'n_estimators': 400}",0.05486162335208013,38,0.5735570587991551
RF,多输出预测,4,"{'max_depth': 15, 'min_samples_leaf': 3, 'n_estimators': 400}",0.05400336663184236,40,0.5736472766395666
RF,多输出预测,4,"{'max_depth': 20, 'min_samples_leaf': 3, 'n_estimators': 200}",0.055172726651632684,41,0.5741558379076533
RF,多输出预测,4,"{'max_depth': 25, 'min_samples_leaf': 3, 'n_estimators': 200}",0.055222347877437884,42,0.5742631231535108
RF,多输出预测,4,"{'max_depth': None, 'min_samples_leaf': 3, 'n_estimators': 200}",0.055222347877437884,42,0.5742631231535108
RF,多输出预测,4,"{'max_depth': 15, 'min_samples_leaf': 3, 'n_estimators': 300}",0.0543157259048051,44,0.5743543140257709
RF,多输出预测,4,"{'max_depth': 15, 'min_samples_leaf': 3, 'n_estimators': 200}",0.053945284794182875,45,0.5743869688634983
RF,多输出预测,4,"{'max_depth': 20, 'min_samples_leaf': 3, 'n_estimators': 300}",0.05564979489573002,46,0.574735486499161
RF,多输出预测,4,"{'max_depth': 25, 'min_samples_leaf': 3, 'n_estimators': 300}",0.05568608392546616,47,0.5748078792903343
RF,多输出预测,4,"{'max_depth': None, 'min_samples_leaf': 3, 'n_estimators': 300}",0.05568608392546618,48,0.5748078792903345
RF,多输出预测,4,"{'max_depth': 10, 'min_samples_leaf': 1, 'n_estimators': 200}",0.057588890107744865,49,0.586958102129309
RF,多输出预测,4,"{'max_depth': 10, 'min_samples_leaf': 1, 'n_estimators': 400}",0.05994779350364381,50,0.5888638879163558
RF,多输出预测,4,"{'max_depth': 15, 'min_samples_leaf': 1, 'n_estimators': 200}",0.06028710448919716,51,0.5894645428734834
RF,多输出预测,4,"{'max_depth': 10, 'min_samples_leaf': 1, 'n_estimators': 500}",0.061038542371381836,52,0.5899694600778028
RF,多输出预测,4,"{'max_depth': 12, 'min_samples_leaf': 1, 'n_estimators': 400}",0.06245114839231266,53,0.5903190295491818
RF,多输出预测,4,"{'max_depth': 25, 'min_samples_leaf': 1, 'n_estimators': 200}",0.056887234614262226,54,0.5903941492374779
RF,多输出预测,4,"{'max_depth': 12, 'min_samples_leaf': 1, 'n_estimators': 200}",0.058972870210762196,55,0.590398144359156
RF,多输出预测,4,"{'max_depth': 10, 'min_samples_leaf': 1, 'n_estimators': 300}",0.061647670617491816,56,0.590436048315767
RF,多输出预测,4,"{'max_depth': 20, 'min_samples_leaf': 1, 'n_estimators': 200}",0.05818123276936459,57,0.590701913303354
RF,多输出预测,4,"{'max_depth': None, 'min_samples_leaf': 1, 'n_estimators': 200}",0.056710328082785026,58,0.590824853633396
RF,多输出预测,4,"{'max_depth': 20, 'min_samples_leaf': 1, 'n_estimators': 400}",0.06127049157184639,59,0.5911149370290756
RF,多输出预测,4,"{'max_depth': 25, 'min_samples_leaf': 1, 'n_estimators': 400}",0.06100388982754109,60,0.5913762224367846
RF,多输出预测,4,"{'max_depth': None, 'min_samples_leaf': 1, 'n_estimators': 400}",0.0608263241623857,61,0.5916553689166771
RF,多输出预测,4,"{'max_depth': 12, 'min_samples_leaf': 1, 'n_estimators': 300}",0.0630335301586659,62,0.5917713906117972
RF,多输出预测,4,"{'max_depth': 15, 'min_samples_leaf': 1, 'n_estimators': 400}",0.06300085173252638,63,0.5920891201400575
RF,多输出预测,4,"{'max_depth': 20, 'min_samples_leaf': 1, 'n_estimators': 500}",0.06276874888727457,64,0.5924654341465763
RF,多输出预测,4,"{'max_depth': 12, 'min_samples_leaf': 1, 'n_estimators': 500}",0.0641245730057386,65,0.5927744640517456
RF,多输出预测,4,"{'max_depth': 25, 'min_samples_leaf': 1, 'n_estimators': 500}",0.0622427699040287,66,0.5930648951881407
RF,多输出预测,4,"{'max_depth': 15, 'min_samples_leaf': 1, 'n_estimators': 500}",0.06354145896226775,67,0.5930827838840922
RF,多输出预测,4,"{'max_depth': 20, 'min_samples_leaf': 1, 'n_estimators': 300}",0.061797011654901535,68,0.593160332498995
RF,多输出预测,4,"{'max_depth': 25, 'min_samples_leaf': 1, 'n_estimators': 300}",0.061475537576207724,69,0.5932201554147725
RF,多输出预测,4,"{'max_depth': None, 'min_samples_leaf': 1, 'n_estimators': 500}",0.062078577247512194,70,0.5933334534038882
RF,多输出预测,4,"{'max_depth': 15, 'min_samples_leaf': 1, 'n_estimators': 300}",0.06407533592894167,71,0.5934155131798416
RF,多输出预测,4,"{'max_depth': None, 'min_samples_leaf': 1, 'n_estimators': 300}",0.0613522715203259,72,0.5936560875343299
RF,多输出预测,5,"{'max_depth': 10, 'min_samples_leaf': 5, 'n_estimators': 200}",0.0488949488549086,1,0.5586579725119468
RF,多输出预测,5,"{'max_depth': 15, 'min_samples_leaf': 5, 'n_estimators': 200}",0.05378407915370786,2,0.5588466592813706
RF,多输出预测,5,"{'max_depth': 20, 'min_samples_leaf': 5, 'n_estimators': 200}",0.05427706593582479,3,0.5592830507313752
RF,多输出预测,5,"{'max_depth': None, 'min_samples_leaf': 5, 'n_estimators': 200}",0.054277065935824834,3,0.5592830507313752
RF,多输出预测,5,"{'max_depth': 25, 'min_samples_leaf': 5, 'n_estimators': 200}",0.05427706593582479,3,0.5592830507313752
RF,多输出预测,5,"{'max_depth': 12, 'min_samples_leaf': 5, 'n_estimators': 200}",0.054227266093019116,6,0.5599629942636604
RF,多输出预测,5,"{'max_depth': 10, 'min_samples_leaf': 5, 'n_estimators': 300}",0.052304380881700537,7,0.5600909503794181
RF,多输出预测,5,"{'max_depth': 10, 'min_samples_leaf': 5, 'n_estimators': 400}",0.052362313749113716,8,0.5601116015302163
RF,多输出预测,5,"{'max_depth': 10, 'min_samples_leaf': 5, 'n_estimators': 500}",0.05266614403854508,9,0.5602237525662447
RF,多输出预测,5,"{'max_depth': 15, 'min_samples_leaf': 5, 'n_estimators': 400}",0.05443700686813079,10,0.5614368320214499
RF,多输出预测,5,"{'max_depth': 15, 'min_samples_leaf': 5, 'n_estimators': 500}",0.05322738459126215,11,0.5614474867526257
RF,多输出预测,5,"{'max_depth': 20, 'min_samples_leaf': 5, 'n_estimators': 500}",0.053673102232334936,12,0.5618244386149497
RF,多输出预测,5,"{'max_depth': 25, 'min_samples_leaf': 5, 'n_estimators': 500}",0.0536731022323349,12,0.5618244386149497
RF,多输出预测,5,"{'max_depth': None, 'min_samples_leaf': 5, 'n_estimators': 500}",0.0536731022323349,12,0.5618244386149497
RF,多输出预测,5,"{'max_depth': None, 'min_samples_leaf': 5, 'n_estimators': 400}",0.05499493619660563,15,0.5618790216893782
RF,多输出预测,5,"{'max_depth': 20, 'min_samples_leaf': 5, 'n_estimators': 400}",0.05499493619660563,15,0.5618790216893782
RF,多输出预测,5,"{'max_depth': 25, 'min_samples_leaf': 5, 'n_estimators': 400}",0.05499493619660563,15,0.5618790216893782
RF,多输出预测,5,"{'max_depth': 15, 'min_samples_leaf': 5, 'n_estimators': 300}",0.05498866216528723,18,0.562376507373363
RF,多输出预测,5,"{'max_depth': 12, 'min_samples_leaf': 5, 'n_estimators': 400}",0.055259956610489755,19,0.5627084272935732
RF,多输出预测,5,"{'max_depth': 12, 'min_samples_leaf': 5, 'n_estimators': 500}",0.054515388693207274,20,0.5627763484398712
RF,多输出预测,5,"{'max_depth': 25, 'min_samples_leaf': 5, 'n_estimators': 300}",0.055689352453790926,21,0.5629238813413889
RF,多输出预测,5,"{'max_depth': 20, 'min_samples_leaf': 5, 'n_estimators': 300}",0.05568935245379096,21,0.5629238813413889
RF,多输出预测,5,"{'max_depth': None, 'min_samples_leaf': 5, 'n_estimators': 300}",0.05568935245379096,21,0.5629238813413889
RF,多输出预测,5,"{'max_depth': 12, 'min_samples_leaf': 5, 'n_estimators': 300}",0.055544579071384506,24,0.5634112403198236
RF,多输出预测,5,"{'max_depth': 12, 'min_samples_leaf': 3, 'n_estimators': 400}",0.053547279296900244,25,0.5696594414411438
RF,多输出预测,5,"{'max_depth': 12, 'min_samples_leaf': 3, 'n_estimators': 300}",0.05353826877546717,26,0.5699726576886561
RF,多输出预测,5,"{'max_depth': 12, 'min_samples_leaf': 3, 'n_estimators': 500}",0.05406899896163644,27,0.5700045500615455
RF,多输出预测,5,"{'max_depth': 12, 'min_samples_leaf': 3, 'n_estimators': 200}",0.0542664453070525,28,0.5710048293372898
RF,多输出预测,5,"{'max_depth': 10, 'min_samples_leaf': 3, 'n_estimators': 200}",0.05314315979750359,29,0.5717616371893574
RF,多输出预测,5,"{'max_depth': 10, 'min_samples_leaf': 3, 'n_estimators': 300}",0.05373561403681506,30,0.5722554272021178
RF,多输出预测,5,"{'max_depth': 10, 'min_samples_leaf': 3, 'n_estimators': 400}",0.0547232780958634,31,0.5724718846383595
RF,多输出预测,5,"{'max_depth': 10, 'min_samples_leaf': 3, 'n_estimators': 500}",0.054822771951936466,32,0.5725319982735942
RF,多输出预测,5,"{'max_depth': 15, 'min_samples_leaf': 3, 'n_estimators': 500}",0.05413048496676773,33,0.572886894006016
RF,多输出预测,5,"{'max_depth': 20, 'min_samples_leaf': 3, 'n_estimators': 500}",0.05491511024800623,34,0.5729960869928629
RF,多输出预测,5,"{'max_depth': None, 'min_samples_leaf': 3, 'n_estimators': 500}",0.054959410198637024,35,0.5730664866459015
RF,多输出预测,5,"{'max_depth': 25, 'min_samples_leaf': 3, 'n_estimators': 500}",0.054959410198637045,35,0.5730664866459015
RF,多输出预测,5,"{'max_depth': 20, 'min_samples_leaf': 3, 'n_estimators': 400}",0.05483377238763422,37,0.5735021814892457
RF,多输出预测,5,"{'max_depth': None, 'min_samples_leaf': 3, 'n_estimators': 400}",0.05486162335208013,38,0.5735570587991551
RF,多输出预测,5,"{'max_depth': 25, 'min_samples_leaf': 3, 'n_estimators': 400}",0.05486162335208013,38,0.5735570587991551
RF,多输出预测,5,"{'max_depth': 15, 'min_samples_leaf': 3, 'n_estimators': 400}",0.05400336663184236,40,0.5736472766395666
RF,多输出预测,5,"{'max_depth': 20, 'min_samples_leaf': 3, 'n_estimators': 200}",0.055172726651632684,41,0.5741558379076533
RF,多输出预测,5,"{'max_depth': 25, 'min_samples_leaf': 3, 'n_estimators': 200}",0.055222347877437884,42,0.5742631231535108
RF,多输出预测,5,"{'max_depth': None, 'min_samples_leaf': 3, 'n_estimators': 200}",0.055222347877437884,42,0.5742631231535108
RF,多输出预测,5,"{'max_depth': 15, 'min_samples_leaf': 3, 'n_estimators': 300}",0.0543157259048051,44,0.5743543140257709
RF,多输出预测,5,"{'max_depth': 15, 'min_samples_leaf': 3, 'n_estimators': 200}",0.053945284794182875,45,0.5743869688634983
RF,多输出预测,5,"{'max_depth': 20, 'min_samples_leaf': 3, 'n_estimators': 300}",0.05564979489573002,46,0.574735486499161
RF,多输出预测,5,"{'max_depth': 25, 'min_samples_leaf': 3, 'n_estimators': 300}",0.05568608392546616,47,0.5748078792903343
RF,多输出预测,5,"{'max_depth': None, 'min_samples_leaf': 3, 'n_estimators': 300}",0.05568608392546618,48,0.5748078792903345
RF,多输出预测,5,"{'max_depth': 10, 'min_samples_leaf': 1, 'n_estimators': 200}",0.057588890107744865,49,0.586958102129309
RF,多输出预测,5,"{'max_depth': 10, 'min_samples_leaf': 1, 'n_estimators': 400}",0.05994779350364381,50,0.5888638879163558
RF,多输出预测,5,"{'max_depth': 15, 'min_samples_leaf': 1, 'n_estimators': 200}",0.06028710448919716,51,0.5894645428734834
RF,多输出预测,5,"{'max_depth': 10, 'min_samples_leaf': 1, 'n_estimators': 500}",0.061038542371381836,52,0.5899694600778028
RF,多输出预测,5,"{'max_depth': 12, 'min_samples_leaf': 1, 'n_estimators': 400}",0.06245114839231266,53,0.5903190295491818
RF,多输出预测,5,"{'max_depth': 25, 'min_samples_leaf': 1, 'n_estimators': 200}",0.056887234614262226,54,0.5903941492374779
RF,多输出预测,5,"{'max_depth': 12, 'min_samples_leaf': 1, 'n_estimators': 200}",0.058972870210762196,55,0.590398144359156
RF,多输出预测,5,"{'max_depth': 10, 'min_samples_leaf': 1, 'n_estimators': 300}",0.061647670617491816,56,0.590436048315767
RF,多输出预测,5,"{'max_depth': 20, 'min_samples_leaf': 1, 'n_estimators': 200}",0.05818123276936459,57,0.590701913303354
RF,多输出预测,5,"{'max_depth': None, 'min_samples_leaf': 1, 'n_estimators': 200}",0.056710328082785026,58,0.590824853633396
RF,多输出预测,5,"{'max_depth': 20, 'min_samples_leaf': 1, 'n_estimators': 400}",0.06127049157184639,59,0.5911149370290756
RF,多输出预测,5,"{'max_depth': 25, 'min_samples_leaf': 1, 'n_estimators': 400}",0.06100388982754109,60,0.5913762224367846
RF,多输出预测,5,"{'max_depth': None, 'min_samples_leaf': 1, 'n_estimators': 400}",0.0608263241623857,61,0.5916553689166771
RF,多输出预测,5,"{'max_depth': 12, 'min_samples_leaf': 1, 'n_estimators': 300}",0.0630335301586659,62,0.5917713906117972
RF,多输出预测,5,"{'max_depth': 15, 'min_samples_leaf': 1, 'n_estimators': 400}",0.06300085173252638,63,0.5920891201400575
RF,多输出预测,5,"{'max_depth': 20, 'min_samples_leaf': 1, 'n_estimators': 500}",0.06276874888727457,64,0.5924654341465763
RF,多输出预测,5,"{'max_depth': 12, 'min_samples_leaf': 1, 'n_estimators': 500}",0.0641245730057386,65,0.5927744640517456
RF,多输出预测,5,"{'max_depth': 25, 'min_samples_leaf': 1, 'n_estimators': 500}",0.0622427699040287,66,0.5930648951881407
RF,多输出预测,5,"{'max_depth': 15, 'min_samples_leaf': 1, 'n_estimators': 500}",0.06354145896226775,67,0.5930827838840922
RF,多输出预测,5,"{'max_depth': 20, 'min_samples_leaf': 1, 'n_estimators': 300}",0.061797011654901535,68,0.593160332498995
RF,多输出预测,5,"{'max_depth': 25, 'min_samples_leaf': 1, 'n_estimators': 300}",0.061475537576207724,69,0.5932201554147725
RF,多输出预测,5,"{'max_depth': None, 'min_samples_leaf': 1, 'n_estimators': 500}",0.062078577247512194,70,0.5933334534038882
RF,多输出预测,5,"{'max_depth': 15, 'min_samples_leaf': 1, 'n_estimators': 300}",0.06407533592894167,71,0.5934155131798416
RF,多输出预测,5,"{'max_depth': None, 'min_samples_leaf': 1, 'n_estimators': 300}",0.0613522715203259,72,0.5936560875343299
RF,多输出预测,6,"{'max_depth': 10, 'min_samples_leaf': 5, 'n_estimators': 200}",0.0488949488549086,1,0.5586579725119468
RF,多输出预测,6,"{'max_depth': 15, 'min_samples_leaf': 5, 'n_estimators': 200}",0.05378407915370786,2,0.5588466592813706
RF,多输出预测,6,"{'max_depth': 20, 'min_samples_leaf': 5, 'n_estimators': 200}",0.05427706593582479,3,0.5592830507313752
RF,多输出预测,6,"{'max_depth': None, 'min_samples_leaf': 5, 'n_estimators': 200}",0.054277065935824834,3,0.5592830507313752
RF,多输出预测,6,"{'max_depth': 25, 'min_samples_leaf': 5, 'n_estimators': 200}",0.05427706593582479,3,0.5592830507313752
RF,多输出预测,6,"{'max_depth': 12, 'min_samples_leaf': 5, 'n_estimators': 200}",0.054227266093019116,6,0.5599629942636604
RF,多输出预测,6,"{'max_depth': 10, 'min_samples_leaf': 5, 'n_estimators': 300}",0.052304380881700537,7,0.5600909503794181
RF,多输出预测,6,"{'max_depth': 10, 'min_samples_leaf': 5, 'n_estimators': 400}",0.052362313749113716,8,0.5601116015302163
RF,多输出预测,6,"{'max_depth': 10, 'min_samples_leaf': 5, 'n_estimators': 500}",0.05266614403854508,9,0.5602237525662447
RF,多输出预测,6,"{'max_depth': 15, 'min_samples_leaf': 5, 'n_estimators': 400}",0.05443700686813079,10,0.5614368320214499
RF,多输出预测,6,"{'max_depth': 15, 'min_samples_leaf': 5, 'n_estimators': 500}",0.05322738459126215,11,0.5614474867526257
RF,多输出预测,6,"{'max_depth': 20, 'min_samples_leaf': 5, 'n_estimators': 500}",0.053673102232334936,12,0.5618244386149497
RF,多输出预测,6,"{'max_depth': 25, 'min_samples_leaf': 5, 'n_estimators': 500}",0.0536731022323349,12,0.5618244386149497
RF,多输出预测,6,"{'max_depth': None, 'min_samples_leaf': 5, 'n_estimators': 500}",0.0536731022323349,12,0.5618244386149497
RF,多输出预测,6,"{'max_depth': None, 'min_samples_leaf': 5, 'n_estimators': 400}",0.05499493619660563,15,0.5618790216893782
RF,多输出预测,6,"{'max_depth': 20, 'min_samples_leaf': 5, 'n_estimators': 400}",0.05499493619660563,15,0.5618790216893782
RF,多输出预测,6,"{'max_depth': 25, 'min_samples_leaf': 5, 'n_estimators': 400}",0.05499493619660563,15,0.5618790216893782
RF,多输出预测,6,"{'max_depth': 15, 'min_samples_leaf': 5, 'n_estimators': 300}",0.05498866216528723,18,0.562376507373363
RF,多输出预测,6,"{'max_depth': 12, 'min_samples_leaf': 5, 'n_estimators': 400}",0.055259956610489755,19,0.5627084272935732
RF,多输出预测,6,"{'max_depth': 12, 'min_samples_leaf': 5, 'n_estimators': 500}",0.054515388693207274,20,0.5627763484398712
RF,多输出预测,6,"{'max_depth': 25, 'min_samples_leaf': 5, 'n_estimators': 300}",0.055689352453790926,21,0.5629238813413889
RF,多输出预测,6,"{'max_depth': 20, 'min_samples_leaf': 5, 'n_estimators': 300}",0.05568935245379096,21,0.5629238813413889
RF,多输出预测,6,"{'max_depth': None, 'min_samples_leaf': 5, 'n_estimators': 300}",0.05568935245379096,21,0.5629238813413889
RF,多输出预测,6,"{'max_depth': 12, 'min_samples_leaf': 5, 'n_estimators': 300}",0.055544579071384506,24,0.5634112403198236
RF,多输出预测,6,"{'max_depth': 12, 'min_samples_leaf': 3, 'n_estimators': 400}",0.053547279296900244,25,0.5696594414411438
RF,多输出预测,6,"{'max_depth': 12, 'min_samples_leaf': 3, 'n_estimators': 300}",0.05353826877546717,26,0.5699726576886561
RF,多输出预测,6,"{'max_depth': 12, 'min_samples_leaf': 3, 'n_estimators': 500}",0.05406899896163644,27,0.5700045500615455
RF,多输出预测,6,"{'max_depth': 12, 'min_samples_leaf': 3, 'n_estimators': 200}",0.0542664453070525,28,0.5710048293372898
RF,多输出预测,6,"{'max_depth': 10, 'min_samples_leaf': 3, 'n_estimators': 200}",0.05314315979750359,29,0.5717616371893574
RF,多输出预测,6,"{'max_depth': 10, 'min_samples_leaf': 3, 'n_estimators': 300}",0.05373561403681506,30,0.5722554272021178
RF,多输出预测,6,"{'max_depth': 10, 'min_samples_leaf': 3, 'n_estimators': 400}",0.0547232780958634,31,0.5724718846383595
RF,多输出预测,6,"{'max_depth': 10, 'min_samples_leaf': 3, 'n_estimators': 500}",0.054822771951936466,32,0.5725319982735942
RF,多输出预测,6,"{'max_depth': 15, 'min_samples_leaf': 3, 'n_estimators': 500}",0.05413048496676773,33,0.572886894006016
RF,多输出预测,6,"{'max_depth': 20, 'min_samples_leaf': 3, 'n_estimators': 500}",0.05491511024800623,34,0.5729960869928629
RF,多输出预测,6,"{'max_depth': None, 'min_samples_leaf': 3, 'n_estimators': 500}",0.054959410198637024,35,0.5730664866459015
RF,多输出预测,6,"{'max_depth': 25, 'min_samples_leaf': 3, 'n_estimators': 500}",0.054959410198637045,35,0.5730664866459015
RF,多输出预测,6,"{'max_depth': 20, 'min_samples_leaf': 3, 'n_estimators': 400}",0.05483377238763422,37,0.5735021814892457
RF,多输出预测,6,"{'max_depth': None, 'min_samples_leaf': 3, 'n_estimators': 400}",0.05486162335208013,38,0.5735570587991551
RF,多输出预测,6,"{'max_depth': 25, 'min_samples_leaf': 3, 'n_estimators': 400}",0.05486162335208013,38,0.5735570587991551
RF,多输出预测,6,"{'max_depth': 15, 'min_samples_leaf': 3, 'n_estimators': 400}",0.05400336663184236,40,0.5736472766395666
RF,多输出预测,6,"{'max_depth': 20, 'min_samples_leaf': 3, 'n_estimators': 200}",0.055172726651632684,41,0.5741558379076533
RF,多输出预测,6,"{'max_depth': 25, 'min_samples_leaf': 3, 'n_estimators': 200}",0.055222347877437884,42,0.5742631231535108
RF,多输出预测,6,"{'max_depth': None, 'min_samples_leaf': 3, 'n_estimators': 200}",0.055222347877437884,42,0.5742631231535108
RF,多输出预测,6,"{'max_depth': 15, 'min_samples_leaf': 3, 'n_estimators': 300}",0.0543157259048051,44,0.5743543140257709
RF,多输出预测,6,"{'max_depth': 15, 'min_samples_leaf': 3, 'n_estimators': 200}",0.053945284794182875,45,0.5743869688634983
RF,多输出预测,6,"{'max_depth': 20, 'min_samples_leaf': 3, 'n_estimators': 300}",0.05564979489573002,46,0.574735486499161
RF,多输出预测,6,"{'max_depth': 25, 'min_samples_leaf': 3, 'n_estimators': 300}",0.05568608392546616,47,0.5748078792903343
RF,多输出预测,6,"{'max_depth': None, 'min_samples_leaf': 3, 'n_estimators': 300}",0.05568608392546618,48,0.5748078792903345
RF,多输出预测,6,"{'max_depth': 10, 'min_samples_leaf': 1, 'n_estimators': 200}",0.057588890107744865,49,0.586958102129309
RF,多输出预测,6,"{'max_depth': 10, 'min_samples_leaf': 1, 'n_estimators': 400}",0.05994779350364381,50,0.5888638879163558
RF,多输出预测,6,"{'max_depth': 15, 'min_samples_leaf': 1, 'n_estimators': 200}",0.06028710448919716,51,0.5894645428734834
RF,多输出预测,6,"{'max_depth': 10, 'min_samples_leaf': 1, 'n_estimators': 500}",0.061038542371381836,52,0.5899694600778028
RF,多输出预测,6,"{'max_depth': 12, 'min_samples_leaf': 1, 'n_estimators': 400}",0.06245114839231266,53,0.5903190295491818
RF,多输出预测,6,"{'max_depth': 25, 'min_samples_leaf': 1, 'n_estimators': 200}",0.056887234614262226,54,0.5903941492374779
RF,多输出预测,6,"{'max_depth': 12, 'min_samples_leaf': 1, 'n_estimators': 200}",0.058972870210762196,55,0.590398144359156
RF,多输出预测,6,"{'max_depth': 10, 'min_samples_leaf': 1, 'n_estimators': 300}",0.061647670617491816,56,0.590436048315767
RF,多输出预测,6,"{'max_depth': 20, 'min_samples_leaf': 1, 'n_estimators': 200}",0.05818123276936459,57,0.590701913303354
RF,多输出预测,6,"{'max_depth': None, 'min_samples_leaf': 1, 'n_estimators': 200}",0.056710328082785026,58,0.590824853633396
RF,多输出预测,6,"{'max_depth': 20, 'min_samples_leaf': 1, 'n_estimators': 400}",0.06127049157184639,59,0.5911149370290756
RF,多输出预测,6,"{'max_depth': 25, 'min_samples_leaf': 1, 'n_estimators': 400}",0.06100388982754109,60,0.5913762224367846
RF,多输出预测,6,"{'max_depth': None, 'min_samples_leaf': 1, 'n_estimators': 400}",0.0608263241623857,61,0.5916553689166771
RF,多输出预测,6,"{'max_depth': 12, 'min_samples_leaf': 1, 'n_estimators': 300}",0.0630335301586659,62,0.5917713906117972
RF,多输出预测,6,"{'max_depth': 15, 'min_samples_leaf': 1, 'n_estimators': 400}",0.06300085173252638,63,0.5920891201400575
RF,多输出预测,6,"{'max_depth': 20, 'min_samples_leaf': 1, 'n_estimators': 500}",0.06276874888727457,64,0.5924654341465763
RF,多输出预测,6,"{'max_depth': 12, 'min_samples_leaf': 1, 'n_estimators': 500}",0.0641245730057386,65,0.5927744640517456
RF,多输出预测,6,"{'max_depth': 25, 'min_samples_leaf': 1, 'n_estimators': 500}",0.0622427699040287,66,0.5930648951881407
RF,多输出预测,6,"{'max_depth': 15, 'min_samples_leaf': 1, 'n_estimators': 500}",0.06354145896226775,67,0.5930827838840922
RF,多输出预测,6,"{'max_depth': 20, 'min_samples_leaf': 1, 'n_estimators': 300}",0.061797011654901535,68,0.593160332498995
RF,多输出预测,6,"{'max_depth': 25, 'min_samples_leaf': 1, 'n_estimators': 300}",0.061475537576207724,69,0.5932201554147725
RF,多输出预测,6,"{'max_depth': None, 'min_samples_leaf': 1, 'n_estimators': 500}",0.062078577247512194,70,0.5933334534038882
RF,多输出预测,6,"{'max_depth': 15, 'min_samples_leaf': 1, 'n_estimators': 300}",0.06407533592894167,71,0.5934155131798416
RF,多输出预测,6,"{'max_depth': None, 'min_samples_leaf': 1, 'n_estimators': 300}",0.0613522715203259,72,0.5936560875343299
RF,多输出预测,7,"{'max_depth': 10, 'min_samples_leaf': 5, 'n_estimators': 200}",0.0488949488549086,1,0.5586579725119468
RF,多输出预测,7,"{'max_depth': 15, 'min_samples_leaf': 5, 'n_estimators': 200}",0.05378407915370786,2,0.5588466592813706
RF,多输出预测,7,"{'max_depth': 20, 'min_samples_leaf': 5, 'n_estimators': 200}",0.05427706593582479,3,0.5592830507313752
RF,多输出预测,7,"{'max_depth': None, 'min_samples_leaf': 5, 'n_estimators': 200}",0.054277065935824834,3,0.5592830507313752
RF,多输出预测,7,"{'max_depth': 25, 'min_samples_leaf': 5, 'n_estimators': 200}",0.05427706593582479,3,0.5592830507313752
RF,多输出预测,7,"{'max_depth': 12, 'min_samples_leaf': 5, 'n_estimators': 200}",0.054227266093019116,6,0.5599629942636604
RF,多输出预测,7,"{'max_depth': 10, 'min_samples_leaf': 5, 'n_estimators': 300}",0.052304380881700537,7,0.5600909503794181
RF,多输出预测,7,"{'max_depth': 10, 'min_samples_leaf': 5, 'n_estimators': 400}",0.052362313749113716,8,0.5601116015302163
RF,多输出预测,7,"{'max_depth': 10, 'min_samples_leaf': 5, 'n_estimators': 500}",0.05266614403854508,9,0.5602237525662447
RF,多输出预测,7,"{'max_depth': 15, 'min_samples_leaf': 5, 'n_estimators': 400}",0.05443700686813079,10,0.5614368320214499
RF,多输出预测,7,"{'max_depth': 15, 'min_samples_leaf': 5, 'n_estimators': 500}",0.05322738459126215,11,0.5614474867526257
RF,多输出预测,7,"{'max_depth': 20, 'min_samples_leaf': 5, 'n_estimators': 500}",0.053673102232334936,12,0.5618244386149497
RF,多输出预测,7,"{'max_depth': 25, 'min_samples_leaf': 5, 'n_estimators': 500}",0.0536731022323349,12,0.5618244386149497
RF,多输出预测,7,"{'max_depth': None, 'min_samples_leaf': 5, 'n_estimators': 500}",0.0536731022323349,12,0.5618244386149497
RF,多输出预测,7,"{'max_depth': None, 'min_samples_leaf': 5, 'n_estimators': 400}",0.05499493619660563,15,0.5618790216893782
RF,多输出预测,7,"{'max_depth': 20, 'min_samples_leaf': 5, 'n_estimators': 400}",0.05499493619660563,15,0.5618790216893782
RF,多输出预测,7,"{'max_depth': 25, 'min_samples_leaf': 5, 'n_estimators': 400}",0.05499493619660563,15,0.5618790216893782
RF,多输出预测,7,"{'max_depth': 15, 'min_samples_leaf': 5, 'n_estimators': 300}",0.05498866216528723,18,0.562376507373363
RF,多输出预测,7,"{'max_depth': 12, 'min_samples_leaf': 5, 'n_estimators': 400}",0.055259956610489755,19,0.5627084272935732
RF,多输出预测,7,"{'max_depth': 12, 'min_samples_leaf': 5, 'n_estimators': 500}",0.054515388693207274,20,0.5627763484398712
RF,多输出预测,7,"{'max_depth': 25, 'min_samples_leaf': 5, 'n_estimators': 300}",0.055689352453790926,21,0.5629238813413889
RF,多输出预测,7,"{'max_depth': 20, 'min_samples_leaf': 5, 'n_estimators': 300}",0.05568935245379096,21,0.5629238813413889
RF,多输出预测,7,"{'max_depth': None, 'min_samples_leaf': 5, 'n_estimators': 300}",0.05568935245379096,21,0.5629238813413889
RF,多输出预测,7,"{'max_depth': 12, 'min_samples_leaf': 5, 'n_estimators': 300}",0.055544579071384506,24,0.5634112403198236
RF,多输出预测,7,"{'max_depth': 12, 'min_samples_leaf': 3, 'n_estimators': 400}",0.053547279296900244,25,0.5696594414411438
RF,多输出预测,7,"{'max_depth': 12, 'min_samples_leaf': 3, 'n_estimators': 300}",0.05353826877546717,26,0.5699726576886561
RF,多输出预测,7,"{'max_depth': 12, 'min_samples_leaf': 3, 'n_estimators': 500}",0.05406899896163644,27,0.5700045500615455
RF,多输出预测,7,"{'max_depth': 12, 'min_samples_leaf': 3, 'n_estimators': 200}",0.0542664453070525,28,0.5710048293372898
RF,多输出预测,7,"{'max_depth': 10, 'min_samples_leaf': 3, 'n_estimators': 200}",0.05314315979750359,29,0.5717616371893574
RF,多输出预测,7,"{'max_depth': 10, 'min_samples_leaf': 3, 'n_estimators': 300}",0.05373561403681506,30,0.5722554272021178
RF,多输出预测,7,"{'max_depth': 10, 'min_samples_leaf': 3, 'n_estimators': 400}",0.0547232780958634,31,0.5724718846383595
RF,多输出预测,7,"{'max_depth': 10, 'min_samples_leaf': 3, 'n_estimators': 500}",0.054822771951936466,32,0.5725319982735942
RF,多输出预测,7,"{'max_depth': 15, 'min_samples_leaf': 3, 'n_estimators': 500}",0.05413048496676773,33,0.572886894006016
RF,多输出预测,7,"{'max_depth': 20, 'min_samples_leaf': 3, 'n_estimators': 500}",0.05491511024800623,34,0.5729960869928629
RF,多输出预测,7,"{'max_depth': None, 'min_samples_leaf': 3, 'n_estimators': 500}",0.054959410198637024,35,0.5730664866459015
RF,多输出预测,7,"{'max_depth': 25, 'min_samples_leaf': 3, 'n_estimators': 500}",0.054959410198637045,35,0.5730664866459015
RF,多输出预测,7,"{'max_depth': 20, 'min_samples_leaf': 3, 'n_estimators': 400}",0.05483377238763422,37,0.5735021814892457
RF,多输出预测,7,"{'max_depth': None, 'min_samples_leaf': 3, 'n_estimators': 400}",0.05486162335208013,38,0.5735570587991551
RF,多输出预测,7,"{'max_depth': 25, 'min_samples_leaf': 3, 'n_estimators': 400}",0.05486162335208013,38,0.5735570587991551
RF,多输出预测,7,"{'max_depth': 15, 'min_samples_leaf': 3, 'n_estimators': 400}",0.05400336663184236,40,0.5736472766395666
RF,多输出预测,7,"{'max_depth': 20, 'min_samples_leaf': 3, 'n_estimators': 200}",0.055172726651632684,41,0.5741558379076533
RF,多输出预测,7,"{'max_depth': 25, 'min_samples_leaf': 3, 'n_estimators': 200}",0.055222347877437884,42,0.5742631231535108
RF,多输出预测,7,"{'max_depth': None, 'min_samples_leaf': 3, 'n_estimators': 200}",0.055222347877437884,42,0.5742631231535108
RF,多输出预测,7,"{'max_depth': 15, 'min_samples_leaf': 3, 'n_estimators': 300}",0.0543157259048051,44,0.5743543140257709
RF,多输出预测,7,"{'max_depth': 15, 'min_samples_leaf': 3, 'n_estimators': 200}",0.053945284794182875,45,0.5743869688634983
RF,多输出预测,7,"{'max_depth': 20, 'min_samples_leaf': 3, 'n_estimators': 300}",0.05564979489573002,46,0.574735486499161
RF,多输出预测,7,"{'max_depth': 25, 'min_samples_leaf': 3, 'n_estimators': 300}",0.05568608392546616,47,0.5748078792903343
RF,多输出预测,7,"{'max_depth': None, 'min_samples_leaf': 3, 'n_estimators': 300}",0.05568608392546618,48,0.5748078792903345
RF,多输出预测,7,"{'max_depth': 10, 'min_samples_leaf': 1, 'n_estimators': 200}",0.057588890107744865,49,0.586958102129309
RF,多输出预测,7,"{'max_depth': 10, 'min_samples_leaf': 1, 'n_estimators': 400}",0.05994779350364381,50,0.5888638879163558
RF,多输出预测,7,"{'max_depth': 15, 'min_samples_leaf': 1, 'n_estimators': 200}",0.06028710448919716,51,0.5894645428734834
RF,多输出预测,7,"{'max_depth': 10, 'min_samples_leaf': 1, 'n_estimators': 500}",0.061038542371381836,52,0.5899694600778028
RF,多输出预测,7,"{'max_depth': 12, 'min_samples_leaf': 1, 'n_estimators': 400}",0.06245114839231266,53,0.5903190295491818
RF,多输出预测,7,"{'max_depth': 25, 'min_samples_leaf': 1, 'n_estimators': 200}",0.056887234614262226,54,0.5903941492374779
RF,多输出预测,7,"{'max_depth': 12, 'min_samples_leaf': 1, 'n_estimators': 200}",0.058972870210762196,55,0.590398144359156
RF,多输出预测,7,"{'max_depth': 10, 'min_samples_leaf': 1, 'n_estimators': 300}",0.061647670617491816,56,0.590436048315767
RF,多输出预测,7,"{'max_depth': 20, 'min_samples_leaf': 1, 'n_estimators': 200}",0.05818123276936459,57,0.590701913303354
RF,多输出预测,7,"{'max_depth': None, 'min_samples_leaf': 1, 'n_estimators': 200}",0.056710328082785026,58,0.590824853633396
RF,多输出预测,7,"{'max_depth': 20, 'min_samples_leaf': 1, 'n_estimators': 400}",0.06127049157184639,59,0.5911149370290756
RF,多输出预测,7,"{'max_depth': 25, 'min_samples_leaf': 1, 'n_estimators': 400}",0.06100388982754109,60,0.5913762224367846
RF,多输出预测,7,"{'max_depth': None, 'min_samples_leaf': 1, 'n_estimators': 400}",0.0608263241623857,61,0.5916553689166771
RF,多输出预测,7,"{'max_depth': 12, 'min_samples_leaf': 1, 'n_estimators': 300}",0.0630335301586659,62,0.5917713906117972
RF,多输出预测,7,"{'max_depth': 15, 'min_samples_leaf': 1, 'n_estimators': 400}",0.06300085173252638,63,0.5920891201400575
RF,多输出预测,7,"{'max_depth': 20, 'min_samples_leaf': 1, 'n_estimators': 500}",0.06276874888727457,64,0.5924654341465763
RF,多输出预测,7,"{'max_depth': 12, 'min_samples_leaf': 1, 'n_estimators': 500}",0.0641245730057386,65,0.5927744640517456
RF,多输出预测,7,"{'max_depth': 25, 'min_samples_leaf': 1, 'n_estimators': 500}",0.0622427699040287,66,0.5930648951881407
RF,多输出预测,7,"{'max_depth': 15, 'min_samples_leaf': 1, 'n_estimators': 500}",0.06354145896226775,67,0.5930827838840922
RF,多输出预测,7,"{'max_depth': 20, 'min_samples_leaf': 1, 'n_estimators': 300}",0.061797011654901535,68,0.593160332498995
RF,多输出预测,7,"{'max_depth': 25, 'min_samples_leaf': 1, 'n_estimators': 300}",0.061475537576207724,69,0.5932201554147725
RF,多输出预测,7,"{'max_depth': None, 'min_samples_leaf': 1, 'n_estimators': 500}",0.062078577247512194,70,0.5933334534038882
RF,多输出预测,7,"{'max_depth': 15, 'min_samples_leaf': 1, 'n_estimators': 300}",0.06407533592894167,71,0.5934155131798416
RF,多输出预测,7,"{'max_depth': None, 'min_samples_leaf': 1, 'n_estimators': 300}",0.0613522715203259,72,0.5936560875343299
LSTM,多步直接预测,1,"{'dropout': 0.2, 'epochs': 80, 'lr': 0.001, 'units': (64,)}",0.08445927948021609,1,0.5792359236001093
LSTM,多步直接预测,1,"{'dropout': 0.2, 'epochs': 60, 'lr': 0.001, 'units': (64,)}",0.08445927948021609,1,0.5792359236001093
LSTM,多步直接预测,1,"{'dropout': 0.3, 'epochs': 80, 'lr': 0.001, 'units': (32,)}",0.09015953430127781,3,0.5850078923559576
LSTM,多步直接预测,1,"{'dropout': 0.3, 'epochs': 60, 'lr': 0.001, 'units': (32,)}",0.09015953430127781,3,0.5850078923559576
LSTM,多步直接预测,1,"{'dropout': 0.1, 'epochs': 60, 'lr': 0.001, 'units': (64,)}",0.1558603647587963,5,0.5887802747317986
LSTM,多步直接预测,1,"{'dropout': 0.1, 'epochs': 80, 'lr': 0.001, 'units': (64,)}",0.1558603647587963,5,0.5887802747317986
LSTM,多步直接预测,1,"{'dropout': 0.3, 'epochs': 60, 'lr': 0.005, 'units': (64, 32)}",0.1414474856856009,7,0.5891455877854538
LSTM,多步直接预测,1,"{'dropout': 0.3, 'epochs': 80, 'lr': 0.005, 'units': (64, 32)}",0.1414474856856009,7,0.5891455877854538
LSTM,多步直接预测,1,"{'dropout': 0.3, 'epochs': 80, 'lr': 0.001, 'units': (64,)}",0.11183926065913892,9,0.5927599324621832
LSTM,多步直接预测,1,"{'dropout': 0.3, 'epochs': 60, 'lr': 0.001, 'units': (64,)}",0.11183926065913892,9,0.5927599324621832
LSTM,多步直接预测,1,"{'dropout': 0.1, 'epochs': 80, 'lr': 0.005, 'units': (32,)}",0.1386879465591536,11,0.5991323543325573
LSTM,多步直接预测,1,"{'dropout': 0.1, 'epochs': 60, 'lr': 0.005, 'units': (32,)}",0.1386879465591536,11,0.5991323543325573
LSTM,多步直接预测,1,"{'dropout': 0.1, 'epochs': 60, 'lr': 0.001, 'units': (32,)}",0.08845112635879321,13,0.601748235707053
LSTM,多步直接预测,1,"{'dropout': 0.1, 'epochs': 80, 'lr': 0.001, 'units': (32,)}",0.08845112635879321,13,0.601748235707053
LSTM,多步直接预测,1,"{'dropout': 0.2, 'epochs': 60, 'lr': 0.001, 'units': (32,)}",0.08075197613120584,15,0.6040509368613577
LSTM,多步直接预测,1,"{'dropout': 0.2, 'epochs': 80, 'lr': 0.001, 'units': (32,)}",0.08075197613120584,15,0.6040509368613577
LSTM,多步直接预测,1,"{'dropout': 0.2, 'epochs': 80, 'lr': 0.005, 'units': (32,)}",0.1603528977601818,17,0.6174922022786734
LSTM,多步直接预测,1,"{'dropout': 0.2, 'epochs': 60, 'lr': 0.005, 'units': (32,)}",0.1603528977601818,17,0.6174922022786734
LSTM,多步直接预测,1,"{'dropout': 0.3, 'epochs': 60, 'lr': 0.005, 'units': (32,)}",0.12826359924769434,19,0.6214001262742824
LSTM,多步直接预测,1,"{'dropout': 0.3, 'epochs': 80, 'lr': 0.005, 'units': (32,)}",0.12826359924769434,19,0.6214001262742824
LSTM,多步直接预测,1,"{'dropout': 0.1, 'epochs': 80, 'lr': 0.005, 'units': (32, 32)}",0.1332923794551205,21,0.6223586422266223
LSTM,多步直接预测,1,"{'dropout': 0.1, 'epochs': 60, 'lr': 0.005, 'units': (32, 32)}",0.1332923794551205,21,0.6223586422266223
LSTM,多步直接预测,1,"{'dropout': 0.1, 'epochs': 80, 'lr': 0.005, 'units': (64, 32)}",0.06875117396746198,23,0.6237409102235039
LSTM,多步直接预测,1,"{'dropout': 0.1, 'epochs': 60, 'lr': 0.005, 'units': (64, 32)}",0.06875117396746198,23,0.6237409102235039
LSTM,多步直接预测,1,"{'dropout': 0.2, 'epochs': 80, 'lr': 0.005, 'units': (64, 32)}",0.07549488243855945,25,0.6439237106871845
LSTM,多步直接预测,1,"{'dropout': 0.2, 'epochs': 60, 'lr': 0.005, 'units': (64, 32)}",0.07549488243855945,25,0.6439237106871845
LSTM,多步直接预测,1,"{'dropout': 0.2, 'epochs': 80, 'lr': 0.005, 'units': (32, 32)}",0.08746539968904848,27,0.6441740239430427
LSTM,多步直接预测,1,"{'dropout': 0.2, 'epochs': 60, 'lr': 0.005, 'units': (32, 32)}",0.08746539968904848,27,0.6441740239430427
LSTM,多步直接预测,1,"{'dropout': 0.3, 'epochs': 60, 'lr': 0.005, 'units': (64,)}",0.21880075269380966,29,0.6483151525070614
LSTM,多步直接预测,1,"{'dropout': 0.3, 'epochs': 80, 'lr': 0.005, 'units': (64,)}",0.21880075269380966,29,0.6483151525070614
LSTM,多步直接预测,1,"{'dropout': 0.1, 'epochs': 80, 'lr': 0.005, 'units': (64,)}",0.2052007176440845,31,0.66170666346729
LSTM,多步直接预测,1,"{'dropout': 0.1, 'epochs': 60, 'lr': 0.005, 'units': (64,)}",0.2052007176440845,31,0.66170666346729
LSTM,多步直接预测,1,"{'dropout': 0.3, 'epochs': 60, 'lr': 0.005, 'units': (32, 32)}",0.07813508155912058,33,0.666414627763647
LSTM,多步直接预测,1,"{'dropout': 0.3, 'epochs': 80, 'lr': 0.005, 'units': (32, 32)}",0.07813508155912058,33,0.666414627763647
LSTM,多步直接预测,1,"{'dropout': 0.2, 'epochs': 80, 'lr': 0.001, 'units': (64, 32)}",0.13719173756538205,35,0.6788376978380453
LSTM,多步直接预测,1,"{'dropout': 0.2, 'epochs': 60, 'lr': 0.001, 'units': (64, 32)}",0.13719173756538205,35,0.6788376978380453
LSTM,多步直接预测,1,"{'dropout': 0.3, 'epochs': 80, 'lr': 0.001, 'units': (64, 32)}",0.12462607482581212,37,0.6830423477372801
LSTM,多步直接预测,1,"{'dropout': 0.3, 'epochs': 60, 'lr': 0.001, 'units': (64, 32)}",0.12462607482581212,37,0.6830423477372801
LSTM,多步直接预测,1,"{'dropout': 0.1, 'epochs': 80, 'lr': 0.001, 'units': (64, 32)}",0.13737853100241648,39,0.691679438789833
LSTM,多步直接预测,1,"{'dropout': 0.1, 'epochs': 60, 'lr': 0.001, 'units': (64, 32)}",0.13737853100241648,39,0.691679438789833
LSTM,多步直接预测,1,"{'dropout': 0.2, 'epochs': 60, 'lr': 0.005, 'units': (64,)}",0.05085698018113985,41,0.7204500502920518
LSTM,多步直接预测,1,"{'dropout': 0.2, 'epochs': 80, 'lr': 0.005, 'units': (64,)}",0.05085698018113985,41,0.7204500502920518
LSTM,多步直接预测,1,"{'dropout': 0.2, 'epochs': 80, 'lr': 0.001, 'units': (32, 32)}",0.15277024532549852,43,0.7387972730508263
LSTM,多步直接预测,1,"{'dropout': 0.2, 'epochs': 60, 'lr': 0.001, 'units': (32, 32)}",0.15277024532549852,43,0.7387972730508263
LSTM,多步直接预测,1,"{'dropout': 0.1, 'epochs': 60, 'lr': 0.001, 'units': (32, 32)}",0.1480224236999378,45,0.7412895716382321
LSTM,多步直接预测,1,"{'dropout': 0.1, 'epochs': 80, 'lr': 0.001, 'units': (32, 32)}",0.1480224236999378,45,0.7412895716382321
LSTM,多步直接预测,1,"{'dropout': 0.3, 'epochs': 60, 'lr': 0.001, 'units': (32, 32)}",0.14829149698953334,47,0.7418314275515412
LSTM,多步直接预测,1,"{'dropout': 0.3, 'epochs': 80, 'lr': 0.001, 'units': (32, 32)}",0.14829149698953334,47,0.7418314275515412
LSTM,多步直接预测,2,"{'dropout': 0.3, 'epochs': 80, 'lr': 0.001, 'units': (32,)}",0.09373678346027543,1,0.6492205626865736
LSTM,多步直接预测,2,"{'dropout': 0.3, 'epochs': 60, 'lr': 0.001, 'units': (32,)}",0.09373678346027543,1,0.6492205626865736
LSTM,多步直接预测,2,"{'dropout': 0.2, 'epochs': 80, 'lr': 0.001, 'units': (32,)}",0.08860482465409265,3,0.6524458147502167
LSTM,多步直接预测,2,"{'dropout': 0.2, 'epochs': 60, 'lr': 0.001, 'units': (32,)}",0.08860482465409265,3,0.6524458147502167
LSTM,多步直接预测,2,"{'dropout': 0.3, 'epochs': 60, 'lr': 0.001, 'units': (64,)}",0.11436318582500411,5,0.6647621876821952
LSTM,多步直接预测,2,"{'dropout': 0.3, 'epochs': 80, 'lr': 0.001, 'units': (64,)}",0.11436318582500411,5,0.6647621876821952
LSTM,多步直接预测,2,"{'dropout': 0.2, 'epochs': 60, 'lr': 0.001, 'units': (64,)}",0.1215550631940795,7,0.666636585963395
LSTM,多步直接预测,2,"{'dropout': 0.2, 'epochs': 80, 'lr': 0.001, 'units': (64,)}",0.1215550631940795,7,0.666636585963395
LSTM,多步直接预测,2,"{'dropout': 0.1, 'epochs': 60, 'lr': 0.001, 'units': (32,)}",0.10826667393777749,9,0.67257125967269
LSTM,多步直接预测,2,"{'dropout': 0.1, 'epochs': 80, 'lr': 0.001, 'units': (32,)}",0.10826667393777749,9,0.67257125967269
LSTM,多步直接预测,2,"{'dropout': 0.1, 'epochs': 80, 'lr': 0.001, 'units': (64,)}",0.13706367537794026,11,0.6743033369662653
LSTM,多步直接预测,2,"{'dropout': 0.1, 'epochs': 60, 'lr': 0.001, 'units': (64,)}",0.13706367537794026,11,0.6743033369662653
LSTM,多步直接预测,2,"{'dropout': 0.3, 'epochs': 80, 'lr': 0.005, 'units': (32,)}",0.14196095367075853,13,0.6744628356533671
LSTM,多步直接预测,2,"{'dropout': 0.3, 'epochs': 60, 'lr': 0.005, 'units': (32,)}",0.14196095367075853,13,0.6744628356533671
LSTM,多步直接预测,2,"{'dropout': 0.2, 'epochs': 80, 'lr': 0.005, 'units': (32, 32)}",0.09745074954036818,15,0.6757050429888535
LSTM,多步直接预测,2,"{'dropout': 0.2, 'epochs': 60, 'lr': 0.005, 'units': (32, 32)}",0.09745074954036818,15,0.6757050429888535
LSTM,多步直接预测,2,"{'dropout': 0.2, 'epochs': 60, 'lr': 0.005, 'units': (32,)}",0.13216171758539788,17,0.6846533212927781
LSTM,多步直接预测,2,"{'dropout': 0.2, 'epochs': 80, 'lr': 0.005, 'units': (32,)}",0.13216171758539788,17,0.6846533212927781
LSTM,多步直接预测,2,"{'dropout': 0.1, 'epochs': 60, 'lr': 0.005, 'units': (32,)}",0.14163193117924264,19,0.7023420687214103
LSTM,多步直接预测,2,"{'dropout': 0.1, 'epochs': 80, 'lr': 0.005, 'units': (32,)}",0.14163193117924264,19,0.7023420687214103
LSTM,多步直接预测,2,"{'dropout': 0.3, 'epochs': 60, 'lr': 0.005, 'units': (32, 32)}",0.09407298208320283,21,0.7039077526350045
LSTM,多步直接预测,2,"{'dropout': 0.3, 'epochs': 80, 'lr': 0.005, 'units': (32, 32)}",0.09407298208320283,21,0.7039077526350045
LSTM,多步直接预测,2,"{'dropout': 0.2, 'epochs': 60, 'lr': 0.001, 'units': (64, 32)}",0.13230015460234215,23,0.7046814358166674
LSTM,多步直接预测,2,"{'dropout': 0.2, 'epochs': 80, 'lr': 0.001, 'units': (64, 32)}",0.13230015460234215,23,0.7046814358166674
LSTM,多步直接预测,2,"{'dropout': 0.1, 'epochs': 60, 'lr': 0.005, 'units': (64, 32)}",0.05228305015081166,25,0.7068655404779208
LSTM,多步直接预测,2,"{'dropout': 0.1, 'epochs': 80, 'lr': 0.005, 'units': (64, 32)}",0.05228305015081166,25,0.7068655404779208
LSTM,多步直接预测,2,"{'dropout': 0.1, 'epochs': 60, 'lr': 0.001, 'units': (64, 32)}",0.13261440507589545,27,0.7090859567483014
LSTM,多步直接预测,2,"{'dropout': 0.1, 'epochs': 80, 'lr': 0.001, 'units': (64, 32)}",0.13261440507589545,27,0.7090859567483014
LSTM,多步直接预测,2,"{'dropout': 0.3, 'epochs': 60, 'lr': 0.001, 'units': (64, 32)}",0.12350524557418853,29,0.7111672745864738
LSTM,多步直接预测,2,"{'dropout': 0.3, 'epochs': 80, 'lr': 0.001, 'units': (64, 32)}",0.12350524557418853,29,0.7111672745864738
LSTM,多步直接预测,2,"{'dropout': 0.3, 'epochs': 80, 'lr': 0.005, 'units': (64, 32)}",0.04186760261487643,31,0.7279870970660357
LSTM,多步直接预测,2,"{'dropout': 0.3, 'epochs': 60, 'lr': 0.005, 'units': (64, 32)}",0.04186760261487643,31,0.7279870970660357
LSTM,多步直接预测,2,"{'dropout': 0.2, 'epochs': 80, 'lr': 0.005, 'units': (64, 32)}",0.058146384783444006,33,0.7360466093891951
LSTM,多步直接预测,2,"{'dropout': 0.2, 'epochs': 60, 'lr': 0.005, 'units': (64, 32)}",0.058146384783444006,33,0.7360466093891951
LSTM,多步直接预测,2,"{'dropout': 0.3, 'epochs': 80, 'lr': 0.001, 'units': (32, 32)}",0.15476923113698893,35,0.7473506564805179
LSTM,多步直接预测,2,"{'dropout': 0.3, 'epochs': 60, 'lr': 0.001, 'units': (32, 32)}",0.15476923113698893,35,0.7473506564805179
LSTM,多步直接预测,2,"{'dropout': 0.1, 'epochs': 60, 'lr': 0.001, 'units': (32, 32)}",0.15304318322163454,37,0.7494662746304795
LSTM,多步直接预测,2,"{'dropout': 0.1, 'epochs': 80, 'lr': 0.001, 'units': (32, 32)}",0.15304318322163454,37,0.7494662746304795
LSTM,多步直接预测,2,"{'dropout': 0.2, 'epochs': 60, 'lr': 0.005, 'units': (64,)}",0.06516696863856675,39,0.7514545219447601
LSTM,多步直接预测,2,"{'dropout': 0.2, 'epochs': 80, 'lr': 0.005, 'units': (64,)}",0.06516696863856675,39,0.7514545219447601
LSTM,多步直接预测,2,"{'dropout': 0.1, 'epochs': 80, 'lr': 0.005, 'units': (32, 32)}",0.03509464705031105,41,0.7577127726039022
LSTM,多步直接预测,2,"{'dropout': 0.1, 'epochs': 60, 'lr': 0.005, 'units': (32, 32)}",0.03509464705031105,41,0.7577127726039022
LSTM,多步直接预测,2,"{'dropout': 0.2, 'epochs': 80, 'lr': 0.001, 'units': (32, 32)}",0.13149584942703246,43,0.7604846673902653
LSTM,多步直接预测,2,"{'dropout': 0.2, 'epochs': 60, 'lr': 0.001, 'units': (32, 32)}",0.13149584942703246,43,0.7604846673902653
LSTM,多步直接预测,2,"{'dropout': 0.1, 'epochs': 60, 'lr': 0.005, 'units': (64,)}",0.07808300694291663,45,0.770619760273228
LSTM,多步直接预测,2,"{'dropout': 0.1, 'epochs': 80, 'lr': 0.005, 'units': (64,)}",0.07808300694291663,45,0.770619760273228
LSTM,多步直接预测,2,"{'dropout': 0.3, 'epochs': 60, 'lr': 0.005, 'units': (64,)}",0.2709391815977617,47,0.85631512132312
LSTM,多步直接预测,2,"{'dropout': 0.3, 'epochs': 80, 'lr': 0.005, 'units': (64,)}",0.2709391815977617,47,0.85631512132312
LSTM,多步直接预测,3,"{'dropout': 0.3, 'epochs': 80, 'lr': 0.001, 'units': (32,)}",0.1000583107612542,1,0.6818868022999967
LSTM,多步直接预测,3,"{'dropout': 0.3, 'epochs': 60, 'lr': 0.001, 'units': (32,)}",0.1000583107612542,1,0.6818868022999967
LSTM,多步直接预测,3,"{'dropout': 0.2, 'epochs': 80, 'lr': 0.001, 'units': (32,)}",0.10553918327739255,3,0.6862726710806332
LSTM,多步直接预测,3,"{'dropout': 0.2, 'epochs': 60, 'lr': 0.001, 'units': (32,)}",0.10553918327739255,3,0.6862726710806332
LSTM,多步直接预测,3,"{'dropout': 0.2, 'epochs': 60, 'lr': 0.005, 'units': (32, 32)}",0.12284936596878579,5,0.6983914120635847
LSTM,多步直接预测,3,"{'dropout': 0.2, 'epochs': 80, 'lr': 0.005, 'units': (32, 32)}",0.12284936596878579,5,0.6983914120635847
LSTM,多步直接预测,3,"{'dropout': 0.1, 'epochs': 60, 'lr': 0.001, 'units': (32,)}",0.11611433097553914,7,0.7013951279152701
LSTM,多步直接预测,3,"{'dropout': 0.1, 'epochs': 80, 'lr': 0.001, 'units': (32,)}",0.11611433097553914,7,0.7013951279152701
LSTM,多步直接预测,3,"{'dropout': 0.2, 'epochs': 80, 'lr': 0.001, 'units': (64,)}",0.1452544543253355,9,0.706227044923871
LSTM,多步直接预测,3,"{'dropout': 0.2, 'epochs': 60, 'lr': 0.001, 'units': (64,)}",0.1452544543253355,9,0.706227044923871
LSTM,多步直接预测,3,"{'dropout': 0.1, 'epochs': 80, 'lr': 0.001, 'units': (64, 32)}",0.13036728817542834,11,0.7110670766049504
LSTM,多步直接预测,3,"{'dropout': 0.1, 'epochs': 60, 'lr': 0.001, 'units': (64, 32)}",0.13036728817542834,11,0.7110670766049504
LSTM,多步直接预测,3,"{'dropout': 0.3, 'epochs': 60, 'lr': 0.001, 'units': (64,)}",0.13424226793761113,13,0.715998188110964
LSTM,多步直接预测,3,"{'dropout': 0.3, 'epochs': 80, 'lr': 0.001, 'units': (64,)}",0.13424226793761113,13,0.715998188110964
LSTM,多步直接预测,3,"{'dropout': 0.3, 'epochs': 80, 'lr': 0.005, 'units': (64, 32)}",0.07282017262461458,15,0.7160097324481501
LSTM,多步直接预测,3,"{'dropout': 0.3, 'epochs': 60, 'lr': 0.005, 'units': (64, 32)}",0.07282017262461458,15,0.7160097324481501
LSTM,多步直接预测,3,"{'dropout': 0.2, 'epochs': 60, 'lr': 0.005, 'units': (32,)}",0.14604270046599963,17,0.7182553149721741
LSTM,多步直接预测,3,"{'dropout': 0.2, 'epochs': 80, 'lr': 0.005, 'units': (32,)}",0.14604270046599963,17,0.7182553149721741
LSTM,多步直接预测,3,"{'dropout': 0.1, 'epochs': 60, 'lr': 0.001, 'units': (64,)}",0.14716838837927476,19,0.7197566891030158
LSTM,多步直接预测,3,"{'dropout': 0.1, 'epochs': 80, 'lr': 0.001, 'units': (64,)}",0.14716838837927476,19,0.7197566891030158
LSTM,多步直接预测,3,"{'dropout': 0.3, 'epochs': 60, 'lr': 0.001, 'units': (64, 32)}",0.12203913974035518,21,0.7229715213947226
LSTM,多步直接预测,3,"{'dropout': 0.3, 'epochs': 80, 'lr': 0.001, 'units': (64, 32)}",0.12203913974035518,21,0.7229715213947226
LSTM,多步直接预测,3,"{'dropout': 0.3, 'epochs': 60, 'lr': 0.005, 'units': (32, 32)}",0.09498931112843602,23,0.7251171285932297
LSTM,多步直接预测,3,"{'dropout': 0.3, 'epochs': 80, 'lr': 0.005, 'units': (32, 32)}",0.09498931112843602,23,0.7251171285932297
LSTM,多步直接预测,3,"{'dropout': 0.1, 'epochs': 80, 'lr': 0.005, 'units': (32,)}",0.16080695128207365,25,0.7272717949165003
LSTM,多步直接预测,3,"{'dropout': 0.1, 'epochs': 60, 'lr': 0.005, 'units': (32,)}",0.16080695128207365,25,0.7272717949165003
LSTM,多步直接预测,3,"{'dropout': 0.2, 'epochs': 80, 'lr': 0.001, 'units': (64, 32)}",0.13235584641681575,27,0.7289408834725091
LSTM,多步直接预测,3,"{'dropout': 0.2, 'epochs': 60, 'lr': 0.001, 'units': (64, 32)}",0.13235584641681575,27,0.7289408834725091
LSTM,多步直接预测,3,"{'dropout': 0.3, 'epochs': 80, 'lr': 0.005, 'units': (32,)}",0.10311410573789999,29,0.7300845430904926
LSTM,多步直接预测,3,"{'dropout': 0.3, 'epochs': 60, 'lr': 0.005, 'units': (32,)}",0.10311410573789999,29,0.7300845430904926
LSTM,多步直接预测,3,"{'dropout': 0.1, 'epochs': 60, 'lr': 0.005, 'units': (64, 32)}",0.06331386963447508,31,0.7317146168269851
LSTM,多步直接预测,3,"{'dropout': 0.1, 'epochs': 80, 'lr': 0.005, 'units': (64, 32)}",0.06331386963447508,31,0.7317146168269851
LSTM,多步直接预测,3,"{'dropout': 0.2, 'epochs': 80, 'lr': 0.005, 'units': (64, 32)}",0.05602597854698088,33,0.7393568963872137
LSTM,多步直接预测,3,"{'dropout': 0.2, 'epochs': 60, 'lr': 0.005, 'units': (64, 32)}",0.05602597854698088,33,0.7393568963872137
LSTM,多步直接预测,3,"{'dropout': 0.1, 'epochs': 60, 'lr': 0.005, 'units': (32, 32)}",0.0768334288122757,35,0.754689717524316
LSTM,多步直接预测,3,"{'dropout': 0.1, 'epochs': 80, 'lr': 0.005, 'units': (32, 32)}",0.0768334288122757,35,0.754689717524316
LSTM,多步直接预测,3,"{'dropout': 0.3, 'epochs': 80, 'lr': 0.001, 'units': (32, 32)}",0.15622456468056148,37,0.7573522112426945
LSTM,多步直接预测,3,"{'dropout': 0.3, 'epochs': 60, 'lr': 0.001, 'units': (32, 32)}",0.15622456468056148,37,0.7573522112426945
LSTM,多步直接预测,3,"{'dropout': 0.2, 'epochs': 60, 'lr': 0.001, 'units': (32, 32)}",0.13518898438613225,39,0.7697908826892291
LSTM,多步直接预测,3,"{'dropout': 0.2, 'epochs': 80, 'lr': 0.001, 'units': (32, 32)}",0.13518898438613225,39,0.7697908826892291
LSTM,多步直接预测,3,"{'dropout': 0.1, 'epochs': 80, 'lr': 0.001, 'units': (32, 32)}",0.1333849578347949,41,0.7726847404703165
LSTM,多步直接预测,3,"{'dropout': 0.1, 'epochs': 60, 'lr': 0.001, 'units': (32, 32)}",0.1333849578347949,41,0.7726847404703165
LSTM,多步直接预测,3,"{'dropout': 0.2, 'epochs': 80, 'lr': 0.005, 'units': (64,)}",0.04283063462833119,43,0.7888888170458664
LSTM,多步直接预测,3,"{'dropout': 0.2, 'epochs': 60, 'lr': 0.005, 'units': (64,)}",0.04283063462833119,43,0.7888888170458664
LSTM,多步直接预测,3,"{'dropout': 0.1, 'epochs': 60, 'lr': 0.005, 'units': (64,)}",0.31850116261994976,45,0.8833052128229504
LSTM,多步直接预测,3,"{'dropout': 0.1, 'epochs': 80, 'lr': 0.005, 'units': (64,)}",0.31850116261994976,45,0.8833052128229504
LSTM,多步直接预测,3,"{'dropout': 0.3, 'epochs': 60, 'lr': 0.005, 'units': (64,)}",0.14952324399795786,47,0.9336035614973875
LSTM,多步直接预测,3,"{'dropout': 0.3, 'epochs': 80, 'lr': 0.005, 'units': (64,)}",0.14952324399795786,47,0.9336035614973875
LSTM,多步直接预测,4,"{'dropout': 0.2, 'epochs': 80, 'lr': 0.001, 'units': (32,)}",0.10507925030282136,1,0.7000831886121849
LSTM,多步直接预测,4,"{'dropout': 0.2, 'epochs': 60, 'lr': 0.001, 'units': (32,)}",0.10507925030282136,1,0.7000831886121849
LSTM,多步直接预测,4,"{'dropout': 0.1, 'epochs': 60, 'lr': 0.005, 'units': (32,)}",0.12272851440518613,3,0.7127337340936314
LSTM,多步直接预测,4,"{'dropout': 0.1, 'epochs': 80, 'lr': 0.005, 'units': (32,)}",0.12272851440518613,3,0.7127337340936314
LSTM,多步直接预测,4,"{'dropout': 0.3, 'epochs': 80, 'lr': 0.005, 'units': (32,)}",0.14157294994955644,5,0.7145255429436039
LSTM,多步直接预测,4,"{'dropout': 0.3, 'epochs': 60, 'lr': 0.005, 'units': (32,)}",0.14157294994955644,5,0.7145255429436039
LSTM,多步直接预测,4,"{'dropout': 0.3, 'epochs': 60, 'lr': 0.001, 'units': (32,)}",0.11963234259394288,7,0.7164875266608454
LSTM,多步直接预测,4,"{'dropout': 0.3, 'epochs': 80, 'lr': 0.001, 'units': (32,)}",0.11963234259394288,7,0.7164875266608454
LSTM,多步直接预测,4,"{'dropout': 0.1, 'epochs': 80, 'lr': 0.001, 'units': (32,)}",0.12481249200471445,9,0.7172394918161745
LSTM,多步直接预测,4,"{'dropout': 0.1, 'epochs': 60, 'lr': 0.001, 'units': (32,)}",0.12481249200471445,9,0.7172394918161745
LSTM,多步直接预测,4,"{'dropout': 0.3, 'epochs': 80, 'lr': 0.005, 'units': (64, 32)}",0.057886029905341946,11,0.7229796196154287
LSTM,多步直接预测,4,"{'dropout': 0.3, 'epochs': 60, 'lr': 0.005, 'units': (64, 32)}",0.057886029905341946,11,0.7229796196154287
LSTM,多步直接预测,4,"{'dropout': 0.2, 'epochs': 60, 'lr': 0.001, 'units': (64, 32)}",0.12787979242570413,13,0.7344861478544421
LSTM,多步直接预测,4,"{'dropout': 0.2, 'epochs': 80, 'lr': 0.001, 'units': (64, 32)}",0.12787979242570413,13,0.7344861478544421
LSTM,多步直接预测,4,"{'dropout': 0.1, 'epochs': 60, 'lr': 0.001, 'units': (64, 32)}",0.13318273311346426,15,0.7346110694534622
LSTM,多步直接预测,4,"{'dropout': 0.1, 'epochs': 80, 'lr': 0.001, 'units': (64, 32)}",0.13318273311346426,15,0.7346110694534622
LSTM,多步直接预测,4,"{'dropout': 0.3, 'epochs': 60, 'lr': 0.001, 'units': (64, 32)}",0.12165701130790584,17,0.7371712062053444
LSTM,多步直接预测,4,"{'dropout': 0.3, 'epochs': 80, 'lr': 0.001, 'units': (64, 32)}",0.12165701130790584,17,0.7371712062053444
LSTM,多步直接预测,4,"{'dropout': 0.3, 'epochs': 60, 'lr': 0.001, 'units': (64,)}",0.14241018866857208,19,0.7403403735779555
LSTM,多步直接预测,4,"{'dropout': 0.3, 'epochs': 80, 'lr': 0.001, 'units': (64,)}",0.14241018866857208,19,0.7403403735779555
LSTM,多步直接预测,4,"{'dropout': 0.2, 'epochs': 80, 'lr': 0.005, 'units': (64, 32)}",0.07783679356962588,21,0.7414482366180684
LSTM,多步直接预测,4,"{'dropout': 0.2, 'epochs': 60, 'lr': 0.005, 'units': (64, 32)}",0.07783679356962588,21,0.7414482366180684
LSTM,多步直接预测,4,"{'dropout': 0.1, 'epochs': 80, 'lr': 0.001, 'units': (64,)}",0.171776420184597,23,0.7456955533691957
LSTM,多步直接预测,4,"{'dropout': 0.1, 'epochs': 60, 'lr': 0.001, 'units': (64,)}",0.171776420184597,23,0.7456955533691957
LSTM,多步直接预测,4,"{'dropout': 0.1, 'epochs': 80, 'lr': 0.005, 'units': (32, 32)}",0.1268813090187397,25,0.7468342545862794
LSTM,多步直接预测,4,"{'dropout': 0.1, 'epochs': 60, 'lr': 0.005, 'units': (32, 32)}",0.1268813090187397,25,0.7468342545862794
LSTM,多步直接预测,4,"{'dropout': 0.2, 'epochs': 80, 'lr': 0.001, 'units': (64,)}",0.15840086845170578,27,0.747724418861134
LSTM,多步直接预测,4,"{'dropout': 0.2, 'epochs': 60, 'lr': 0.001, 'units': (64,)}",0.15840086845170578,27,0.747724418861134
LSTM,多步直接预测,4,"{'dropout': 0.2, 'epochs': 80, 'lr': 0.005, 'units': (32, 32)}",0.08379052631849769,29,0.7501750379419582
LSTM,多步直接预测,4,"{'dropout': 0.2, 'epochs': 60, 'lr': 0.005, 'units': (32, 32)}",0.08379052631849769,29,0.7501750379419582
LSTM,多步直接预测,4,"{'dropout': 0.3, 'epochs': 80, 'lr': 0.005, 'units': (32, 32)}",0.15027832503805263,31,0.7531099536958262
LSTM,多步直接预测,4,"{'dropout': 0.3, 'epochs': 60, 'lr': 0.005, 'units': (32, 32)}",0.15027832503805263,31,0.7531099536958262
LSTM,多步直接预测,4,"{'dropout': 0.2, 'epochs': 80, 'lr': 0.005, 'units': (32,)}",0.11441385535769619,33,0.7713423477307332
LSTM,多步直接预测,4,"{'dropout': 0.2, 'epochs': 60, 'lr': 0.005, 'units': (32,)}",0.11441385535769619,33,0.7713423477307332
LSTM,多步直接预测,4,"{'dropout': 0.2, 'epochs': 60, 'lr': 0.001, 'units': (32, 32)}",0.13986996901549012,35,0.7776551925205281
LSTM,多步直接预测,4,"{'dropout': 0.2, 'epochs': 80, 'lr': 0.001, 'units': (32, 32)}",0.13986996901549012,35,0.7776551925205281
LSTM,多步直接预测,4,"{'dropout': 0.3, 'epochs': 80, 'lr': 0.001, 'units': (32, 32)}",0.1382734352177131,37,0.7813523247216079
LSTM,多步直接预测,4,"{'dropout': 0.3, 'epochs': 60, 'lr': 0.001, 'units': (32, 32)}",0.1382734352177131,37,0.7813523247216079
LSTM,多步直接预测,4,"{'dropout': 0.1, 'epochs': 60, 'lr': 0.001, 'units': (32, 32)}",0.13923065775072382,39,0.7828843870250957
LSTM,多步直接预测,4,"{'dropout': 0.1, 'epochs': 80, 'lr': 0.001, 'units': (32, 32)}",0.13923065775072382,39,0.7828843870250957
LSTM,多步直接预测,4,"{'dropout': 0.1, 'epochs': 80, 'lr': 0.005, 'units': (64, 32)}",0.08342166183569269,41,0.7862776346928503
LSTM,多步直接预测,4,"{'dropout': 0.1, 'epochs': 60, 'lr': 0.005, 'units': (64, 32)}",0.08342166183569269,41,0.7862776346928503
LSTM,多步直接预测,4,"{'dropout': 0.2, 'epochs': 80, 'lr': 0.005, 'units': (64,)}",0.04328045150437466,43,0.7906888930568826
LSTM,多步直接预测,4,"{'dropout': 0.2, 'epochs': 60, 'lr': 0.005, 'units': (64,)}",0.04328045150437466,43,0.7906888930568826
LSTM,多步直接预测,4,"{'dropout': 0.1, 'epochs': 60, 'lr': 0.005, 'units': (64,)}",0.15482015168684626,45,0.9342016107708176
LSTM,多步直接预测,4,"{'dropout': 0.1, 'epochs': 80, 'lr': 0.005, 'units': (64,)}",0.15482015168684626,45,0.9342016107708176
LSTM,多步直接预测,4,"{'dropout': 0.3, 'epochs': 60, 'lr': 0.005, 'units': (64,)}",0.15270558714542137,47,0.974008248798719
LSTM,多步直接预测,4,"{'dropout': 0.3, 'epochs': 80, 'lr': 0.005, 'units': (64,)}",0.15270558714542137,47,0.974008248798719
LSTM,多步直接预测,5,"{'dropout': 0.2, 'epochs': 80, 'lr': 0.001, 'units': (32,)}",0.11913249179229504,1,0.7264477549651689
LSTM,多步直接预测,5,"{'dropout': 0.2, 'epochs': 60, 'lr': 0.001, 'units': (32,)}",0.11913249179229504,1,0.7264477549651689
LSTM,多步直接预测,5,"{'dropout': 0.3, 'epochs': 80, 'lr': 0.001, 'units': (32,)}",0.1297648873606628,3,0.7366138938728922
LSTM,多步直接预测,5,"{'dropout': 0.3, 'epochs': 60, 'lr': 0.001, 'units': (32,)}",0.1297648873606628,3,0.7366138938728922
LSTM,多步直接预测,5,"{'dropout': 0.3, 'epochs': 60, 'lr': 0.001, 'units': (64, 32)}",0.13073776727990333,5,0.7393180481510452
LSTM,多步直接预测,5,"{'dropout': 0.3, 'epochs': 80, 'lr': 0.001, 'units': (64, 32)}",0.13073776727990333,5,0.7393180481510452
LSTM,多步直接预测,5,"{'dropout': 0.1, 'epochs': 60, 'lr': 0.005, 'units': (32,)}",0.12926082337756764,7,0.741624412807532
LSTM,多步直接预测,5,"{'dropout': 0.1, 'epochs': 80, 'lr': 0.005, 'units': (32,)}",0.12926082337756764,7,0.741624412807532
LSTM,多步直接预测,5,"{'dropout': 0.1, 'epochs': 80, 'lr': 0.001, 'units': (64, 32)}",0.14146431804181925,9,0.7495103735390086
LSTM,多步直接预测,5,"{'dropout': 0.1, 'epochs': 60, 'lr': 0.001, 'units': (64, 32)}",0.14146431804181925,9,0.7495103735390086
LSTM,多步直接预测,5,"{'dropout': 0.2, 'epochs': 60, 'lr': 0.001, 'units': (64, 32)}",0.12405503292114592,11,0.7507612773959039
LSTM,多步直接预测,5,"{'dropout': 0.2, 'epochs': 80, 'lr': 0.001, 'units': (64, 32)}",0.12405503292114592,11,0.7507612773959039
LSTM,多步直接预测,5,"{'dropout': 0.3, 'epochs': 80, 'lr': 0.005, 'units': (32,)}",0.15323368529657422,13,0.7546842626290702
LSTM,多步直接预测,5,"{'dropout': 0.3, 'epochs': 60, 'lr': 0.005, 'units': (32,)}",0.15323368529657422,13,0.7546842626290702
LSTM,多步直接预测,5,"{'dropout': 0.3, 'epochs': 60, 'lr': 0.001, 'units': (64,)}",0.16762927529976135,15,0.7561888064197357
LSTM,多步直接预测,5,"{'dropout': 0.3, 'epochs': 80, 'lr': 0.001, 'units': (64,)}",0.16762927529976135,15,0.7561888064197357
LSTM,多步直接预测,5,"{'dropout': 0.2, 'epochs': 80, 'lr': 0.001, 'units': (64,)}",0.17069937172851468,17,0.7585957338260235
LSTM,多步直接预测,5,"{'dropout': 0.2, 'epochs': 60, 'lr': 0.001, 'units': (64,)}",0.17069937172851468,17,0.7585957338260235
LSTM,多步直接预测,5,"{'dropout': 0.2, 'epochs': 60, 'lr': 0.005, 'units': (64, 32)}",0.09962645547851827,19,0.763352660027741
LSTM,多步直接预测,5,"{'dropout': 0.2, 'epochs': 80, 'lr': 0.005, 'units': (64, 32)}",0.09962645547851827,19,0.763352660027741
LSTM,多步直接预测,5,"{'dropout': 0.3, 'epochs': 60, 'lr': 0.005, 'units': (64, 32)}",0.08103940676409421,21,0.7640884722213604
LSTM,多步直接预测,5,"{'dropout': 0.3, 'epochs': 80, 'lr': 0.005, 'units': (64, 32)}",0.08103940676409421,21,0.7640884722213604
LSTM,多步直接预测,5,"{'dropout': 0.2, 'epochs': 60, 'lr': 0.005, 'units': (32,)}",0.12500165118609946,23,0.7657592816389295
LSTM,多步直接预测,5,"{'dropout': 0.2, 'epochs': 80, 'lr': 0.005, 'units': (32,)}",0.12500165118609946,23,0.7657592816389295
LSTM,多步直接预测,5,"{'dropout': 0.1, 'epochs': 60, 'lr': 0.001, 'units': (64,)}",0.18891877044499042,25,0.768643043470949
LSTM,多步直接预测,5,"{'dropout': 0.1, 'epochs': 80, 'lr': 0.001, 'units': (64,)}",0.18891877044499042,25,0.768643043470949
LSTM,多步直接预测,5,"{'dropout': 0.1, 'epochs': 60, 'lr': 0.001, 'units': (32,)}",0.16803642624917745,27,0.7701708880808322
LSTM,多步直接预测,5,"{'dropout': 0.1, 'epochs': 80, 'lr': 0.001, 'units': (32,)}",0.16803642624917745,27,0.7701708880808322
LSTM,多步直接预测,5,"{'dropout': 0.3, 'epochs': 80, 'lr': 0.001, 'units': (32, 32)}",0.1505116905268474,29,0.7811269958480621
LSTM,多步直接预测,5,"{'dropout': 0.3, 'epochs': 60, 'lr': 0.001, 'units': (32, 32)}",0.1505116905268474,29,0.7811269958480621
LSTM,多步直接预测,5,"{'dropout': 0.2, 'epochs': 60, 'lr': 0.005, 'units': (32, 32)}",0.07972861988779814,31,0.7846680693602393
LSTM,多步直接预测,5,"{'dropout': 0.2, 'epochs': 80, 'lr': 0.005, 'units': (32, 32)}",0.07972861988779814,31,0.7846680693602393
LSTM,多步直接预测,5,"{'dropout': 0.1, 'epochs': 80, 'lr': 0.005, 'units': (32, 32)}",0.09505693058960597,33,0.7872349732566093
LSTM,多步直接预测,5,"{'dropout': 0.1, 'epochs': 60, 'lr': 0.005, 'units': (32, 32)}",0.09505693058960597,33,0.7872349732566093
LSTM,多步直接预测,5,"{'dropout': 0.2, 'epochs': 60, 'lr': 0.001, 'units': (32, 32)}",0.1450012706053866,35,0.787753518074842
LSTM,多步直接预测,5,"{'dropout': 0.2, 'epochs': 80, 'lr': 0.001, 'units': (32, 32)}",0.1450012706053866,35,0.787753518074842
LSTM,多步直接预测,5,"{'dropout': 0.1, 'epochs': 60, 'lr': 0.001, 'units': (32, 32)}",0.14382309344363906,37,0.7878541822904204
LSTM,多步直接预测,5,"{'dropout': 0.1, 'epochs': 80, 'lr': 0.001, 'units': (32, 32)}",0.14382309344363906,37,0.7878541822904204
LSTM,多步直接预测,5,"{'dropout': 0.3, 'epochs': 80, 'lr': 0.005, 'units': (32, 32)}",0.11067527114109145,39,0.7987835655984652
LSTM,多步直接预测,5,"{'dropout': 0.3, 'epochs': 60, 'lr': 0.005, 'units': (32, 32)}",0.11067527114109145,39,0.7987835655984652
LSTM,多步直接预测,5,"{'dropout': 0.1, 'epochs': 80, 'lr': 0.005, 'units': (64, 32)}",0.09163732742245491,41,0.8117858316304698
LSTM,多步直接预测,5,"{'dropout': 0.1, 'epochs': 60, 'lr': 0.005, 'units': (64, 32)}",0.09163732742245491,41,0.8117858316304698
LSTM,多步直接预测,5,"{'dropout': 0.2, 'epochs': 80, 'lr': 0.005, 'units': (64,)}",0.12769018227655632,43,0.8887823987209336
LSTM,多步直接预测,5,"{'dropout': 0.2, 'epochs': 60, 'lr': 0.005, 'units': (64,)}",0.12769018227655632,43,0.8887823987209336
LSTM,多步直接预测,5,"{'dropout': 0.3, 'epochs': 60, 'lr': 0.005, 'units': (64,)}",0.10187348884536536,45,0.9219252788768323
LSTM,多步直接预测,5,"{'dropout': 0.3, 'epochs': 80, 'lr': 0.005, 'units': (64,)}",0.10187348884536536,45,0.9219252788768323
LSTM,多步直接预测,5,"{'dropout': 0.1, 'epochs': 60, 'lr': 0.005, 'units': (64,)}",0.23468933024978408,47,0.9994125709968595
LSTM,多步直接预测,5,"{'dropout': 0.1, 'epochs': 80, 'lr': 0.005, 'units': (64,)}",0.23468933024978408,47,0.9994125709968595
LSTM,多步直接预测,6,"{'dropout': 0.3, 'epochs': 80, 'lr': 0.005, 'units': (64, 32)}",0.0921443689461944,1,0.7155253620065297
LSTM,多步直接预测,6,"{'dropout': 0.3, 'epochs': 60, 'lr': 0.005, 'units': (64, 32)}",0.0921443689461944,1,0.7155253620065297
LSTM,多步直接预测,6,"{'dropout': 0.3, 'epochs': 60, 'lr': 0.001, 'units': (32,)}",0.12340999236832711,3,0.7351784885105053
LSTM,多步直接预测,6,"{'dropout': 0.3, 'epochs': 80, 'lr': 0.001, 'units': (32,)}",0.12340999236832711,3,0.7351784885105053
LSTM,多步直接预测,6,"{'dropout': 0.3, 'epochs': 80, 'lr': 0.001, 'units': (64, 32)}",0.13384220243124398,5,0.7352643720694115
LSTM,多步直接预测,6,"{'dropout': 0.3, 'epochs': 60, 'lr': 0.001, 'units': (64, 32)}",0.13384220243124398,5,0.7352643720694115
LSTM,多步直接预测,6,"{'dropout': 0.2, 'epochs': 80, 'lr': 0.001, 'units': (32,)}",0.13130471530208632,7,0.7463267472367177
LSTM,多步直接预测,6,"{'dropout': 0.2, 'epochs': 60, 'lr': 0.001, 'units': (32,)}",0.13130471530208632,7,0.7463267472367177
LSTM,多步直接预测,6,"{'dropout': 0.1, 'epochs': 60, 'lr': 0.001, 'units': (64, 32)}",0.1295559929206504,9,0.750893922079474
LSTM,多步直接预测,6,"{'dropout': 0.1, 'epochs': 80, 'lr': 0.001, 'units': (64, 32)}",0.1295559929206504,9,0.750893922079474
LSTM,多步直接预测,6,"{'dropout': 0.2, 'epochs': 60, 'lr': 0.001, 'units': (64, 32)}",0.12764963328290935,11,0.7555480213758261
LSTM,多步直接预测,6,"{'dropout': 0.2, 'epochs': 80, 'lr': 0.001, 'units': (64, 32)}",0.12764963328290935,11,0.7555480213758261
LSTM,多步直接预测,6,"{'dropout': 0.2, 'epochs': 80, 'lr': 0.001, 'units': (64,)}",0.16530882994246793,13,0.7617627083745221
LSTM,多步直接预测,6,"{'dropout': 0.2, 'epochs': 60, 'lr': 0.001, 'units': (64,)}",0.16530882994246793,13,0.7617627083745221
LSTM,多步直接预测,6,"{'dropout': 0.1, 'epochs': 80, 'lr': 0.001, 'units': (64,)}",0.1725997070046315,15,0.7659496900658592
LSTM,多步直接预测,6,"{'dropout': 0.1, 'epochs': 60, 'lr': 0.001, 'units': (64,)}",0.1725997070046315,15,0.7659496900658592
LSTM,多步直接预测,6,"{'dropout': 0.2, 'epochs': 60, 'lr': 0.005, 'units': (32,)}",0.13378432919292985,17,0.7682879554322466
LSTM,多步直接预测,6,"{'dropout': 0.2, 'epochs': 80, 'lr': 0.005, 'units': (32,)}",0.13378432919292985,17,0.7682879554322466
LSTM,多步直接预测,6,"{'dropout': 0.2, 'epochs': 60, 'lr': 0.005, 'units': (32, 32)}",0.1605430225390702,19,0.7692352970416753
LSTM,多步直接预测,6,"{'dropout': 0.2, 'epochs': 80, 'lr': 0.005, 'units': (32, 32)}",0.1605430225390702,19,0.7692352970416753
LSTM,多步直接预测,6,"{'dropout': 0.3, 'epochs': 60, 'lr': 0.001, 'units': (64,)}",0.1708560040223041,21,0.7711951475900692
LSTM,多步直接预测,6,"{'dropout': 0.3, 'epochs': 80, 'lr': 0.001, 'units': (64,)}",0.1708560040223041,21,0.7711951475900692
LSTM,多步直接预测,6,"{'dropout': 0.3, 'epochs': 60, 'lr': 0.005, 'units': (32, 32)}",0.08655066261246158,23,0.7712571117339375
LSTM,多步直接预测,6,"{'dropout': 0.3, 'epochs': 80, 'lr': 0.005, 'units': (32, 32)}",0.08655066261246158,23,0.7712571117339375
LSTM,多步直接预测,6,"{'dropout': 0.1, 'epochs': 60, 'lr': 0.005, 'units': (32, 32)}",0.12778071817446793,25,0.7716932735901221
LSTM,多步直接预测,6,"{'dropout': 0.1, 'epochs': 80, 'lr': 0.005, 'units': (32, 32)}",0.12778071817446793,25,0.7716932735901221
LSTM,多步直接预测,6,"{'dropout': 0.3, 'epochs': 80, 'lr': 0.005, 'units': (32,)}",0.15931248704589837,27,0.7738929092651662
LSTM,多步直接预测,6,"{'dropout': 0.3, 'epochs': 60, 'lr': 0.005, 'units': (32,)}",0.15931248704589837,27,0.7738929092651662
LSTM,多步直接预测,6,"{'dropout': 0.1, 'epochs': 60, 'lr': 0.001, 'units': (32,)}",0.15919670959316298,29,0.7744276216281424
LSTM,多步直接预测,6,"{'dropout': 0.1, 'epochs': 80, 'lr': 0.001, 'units': (32,)}",0.15919670959316298,29,0.7744276216281424
LSTM,多步直接预测,6,"{'dropout': 0.1, 'epochs': 60, 'lr': 0.005, 'units': (32,)}",0.1417064789875171,31,0.7815705008124935
LSTM,多步直接预测,6,"{'dropout': 0.1, 'epochs': 80, 'lr': 0.005, 'units': (32,)}",0.1417064789875171,31,0.7815705008124935
LSTM,多步直接预测,6,"{'dropout': 0.3, 'epochs': 80, 'lr': 0.001, 'units': (32, 32)}",0.1618867889055622,33,0.7817848123062762
LSTM,多步直接预测,6,"{'dropout': 0.3, 'epochs': 60, 'lr': 0.001, 'units': (32, 32)}",0.1618867889055622,33,0.7817848123062762
LSTM,多步直接预测,6,"{'dropout': 0.2, 'epochs': 80, 'lr': 0.001, 'units': (32, 32)}",0.16147090767123656,35,0.7861359150747654
LSTM,多步直接预测,6,"{'dropout': 0.2, 'epochs': 60, 'lr': 0.001, 'units': (32, 32)}",0.16147090767123656,35,0.7861359150747654
LSTM,多步直接预测,6,"{'dropout': 0.1, 'epochs': 60, 'lr': 0.001, 'units': (32, 32)}",0.14989534928006198,37,0.7941752367736047
LSTM,多步直接预测,6,"{'dropout': 0.1, 'epochs': 80, 'lr': 0.001, 'units': (32, 32)}",0.14989534928006198,37,0.7941752367736047
LSTM,多步直接预测,6,"{'dropout': 0.2, 'epochs': 60, 'lr': 0.005, 'units': (64, 32)}",0.012049881471003164,39,0.7947869077010773
LSTM,多步直接预测,6,"{'dropout': 0.2, 'epochs': 80, 'lr': 0.005, 'units': (64, 32)}",0.012049881471003164,39,0.7947869077010773
LSTM,多步直接预测,6,"{'dropout': 0.1, 'epochs': 80, 'lr': 0.005, 'units': (64, 32)}",0.07227066078095036,41,0.7989657644843494
LSTM,多步直接预测,6,"{'dropout': 0.1, 'epochs': 60, 'lr': 0.005, 'units': (64, 32)}",0.07227066078095036,41,0.7989657644843494
LSTM,多步直接预测,6,"{'dropout': 0.3, 'epochs': 60, 'lr': 0.005, 'units': (64,)}",0.20246719125926,43,0.8631215355899773
LSTM,多步直接预测,6,"{'dropout': 0.3, 'epochs': 80, 'lr': 0.005, 'units': (64,)}",0.20246719125926,43,0.8631215355899773
LSTM,多步直接预测,6,"{'dropout': 0.2, 'epochs': 80, 'lr': 0.005, 'units': (64,)}",0.09795299339579736,45,0.914462568104648
LSTM,多步直接预测,6,"{'dropout': 0.2, 'epochs': 60, 'lr': 0.005, 'units': (64,)}",0.09795299339579736,45,0.914462568104648
LSTM,多步直接预测,6,"{'dropout': 0.1, 'epochs': 60, 'lr': 0.005, 'units': (64,)}",0.2209343597399843,47,1.0200638394317307
LSTM,多步直接预测,6,"{'dropout': 0.1, 'epochs': 80, 'lr': 0.005, 'units': (64,)}",0.2209343597399843,47,1.0200638394317307
LSTM,多步直接预测,7,"{'dropout': 0.3, 'epochs': 80, 'lr': 0.001, 'units': (64, 32)}",0.15233219797798825,1,0.7368449907405603
LSTM,多步直接预测,7,"{'dropout': 0.3, 'epochs': 60, 'lr': 0.001, 'units': (64, 32)}",0.15233219797798825,1,0.7368449907405603
LSTM,多步直接预测,7,"{'dropout': 0.1, 'epochs': 60, 'lr': 0.005, 'units': (32, 32)}",0.12653389779049373,3,0.7461653705606306
LSTM,多步直接预测,7,"{'dropout': 0.1, 'epochs': 80, 'lr': 0.005, 'units': (32, 32)}",0.12653389779049373,3,0.7461653705606306
LSTM,多步直接预测,7,"{'dropout': 0.1, 'epochs': 80, 'lr': 0.001, 'units': (64, 32)}",0.1439869714291303,5,0.7545930925684505
LSTM,多步直接预测,7,"{'dropout': 0.1, 'epochs': 60, 'lr': 0.001, 'units': (64, 32)}",0.1439869714291303,5,0.7545930925684505
LSTM,多步直接预测,7,"{'dropout': 0.3, 'epochs': 60, 'lr': 0.005, 'units': (32, 32)}",0.12453552723613627,7,0.7634403396834637
LSTM,多步直接预测,7,"{'dropout': 0.3, 'epochs': 80, 'lr': 0.005, 'units': (32, 32)}",0.12453552723613627,7,0.7634403396834637
LSTM,多步直接预测,7,"{'dropout': 0.2, 'epochs': 80, 'lr': 0.001, 'units': (64, 32)}",0.12794658625873945,9,0.765089651445598
LSTM,多步直接预测,7,"{'dropout': 0.2, 'epochs': 60, 'lr': 0.001, 'units': (64, 32)}",0.12794658625873945,9,0.765089651445598
LSTM,多步直接预测,7,"{'dropout': 0.2, 'epochs': 60, 'lr': 0.005, 'units': (32, 32)}",0.156109142462755,11,0.7734778821129047
LSTM,多步直接预测,7,"{'dropout': 0.2, 'epochs': 80, 'lr': 0.005, 'units': (32, 32)}",0.156109142462755,11,0.7734778821129047
LSTM,多步直接预测,7,"{'dropout': 0.2, 'epochs': 80, 'lr': 0.001, 'units': (32,)}",0.15145534639303793,13,0.7740087282171753
LSTM,多步直接预测,7,"{'dropout': 0.2, 'epochs': 60, 'lr': 0.001, 'units': (32,)}",0.15145534639303793,13,0.7740087282171753
LSTM,多步直接预测,7,"{'dropout': 0.3, 'epochs': 80, 'lr': 0.001, 'units': (32,)}",0.15240549448755678,15,0.7746532574337489
LSTM,多步直接预测,7,"{'dropout': 0.3, 'epochs': 60, 'lr': 0.001, 'units': (32,)}",0.15240549448755678,15,0.7746532574337489
LSTM,多步直接预测,7,"{'dropout': 0.2, 'epochs': 60, 'lr': 0.001, 'units': (64,)}",0.16985137954089174,17,0.7759836820920376
LSTM,多步直接预测,7,"{'dropout': 0.2, 'epochs': 80, 'lr': 0.001, 'units': (64,)}",0.16985137954089174,17,0.7759836820920376
LSTM,多步直接预测,7,"{'dropout': 0.1, 'epochs': 60, 'lr': 0.001, 'units': (32,)}",0.15061887920596248,19,0.7780725539443463
LSTM,多步直接预测,7,"{'dropout': 0.1, 'epochs': 80, 'lr': 0.001, 'units': (32,)}",0.15061887920596248,19,0.7780725539443463
LSTM,多步直接预测,7,"{'dropout': 0.3, 'epochs': 60, 'lr': 0.005, 'units': (32,)}",0.1524754579088612,21,0.7789499151638862
LSTM,多步直接预测,7,"{'dropout': 0.3, 'epochs': 80, 'lr': 0.005, 'units': (32,)}",0.1524754579088612,21,0.7789499151638862
LSTM,多步直接预测,7,"{'dropout': 0.1, 'epochs': 80, 'lr': 0.001, 'units': (64,)}",0.1747449539230023,23,0.7821860432408626
LSTM,多步直接预测,7,"{'dropout': 0.1, 'epochs': 60, 'lr': 0.001, 'units': (64,)}",0.1747449539230023,23,0.7821860432408626
LSTM,多步直接预测,7,"{'dropout': 0.2, 'epochs': 80, 'lr': 0.005, 'units': (32,)}",0.12128462312559377,25,0.7876528503123074
LSTM,多步直接预测,7,"{'dropout': 0.2, 'epochs': 60, 'lr': 0.005, 'units': (32,)}",0.12128462312559377,25,0.7876528503123074
LSTM,多步直接预测,7,"{'dropout': 0.3, 'epochs': 60, 'lr': 0.001, 'units': (32, 32)}",0.1657461562961577,27,0.7912258860035862
LSTM,多步直接预测,7,"{'dropout': 0.3, 'epochs': 80, 'lr': 0.001, 'units': (32, 32)}",0.1657461562961577,27,0.7912258860035862
LSTM,多步直接预测,7,"{'dropout': 0.3, 'epochs': 80, 'lr': 0.001, 'units': (64,)}",0.17534504022716316,29,0.7919691994451142
LSTM,多步直接预测,7,"{'dropout': 0.3, 'epochs': 60, 'lr': 0.001, 'units': (64,)}",0.17534504022716316,29,0.7919691994451142
LSTM,多步直接预测,7,"{'dropout': 0.2, 'epochs': 60, 'lr': 0.001, 'units': (32, 32)}",0.16968517922253096,31,0.7939424197404298
LSTM,多步直接预测,7,"{'dropout': 0.2, 'epochs': 80, 'lr': 0.001, 'units': (32, 32)}",0.16968517922253096,31,0.7939424197404298
LSTM,多步直接预测,7,"{'dropout': 0.1, 'epochs': 80, 'lr': 0.005, 'units': (32,)}",0.13577194237489731,33,0.7947692410682005
LSTM,多步直接预测,7,"{'dropout': 0.1, 'epochs': 60, 'lr': 0.005, 'units': (32,)}",0.13577194237489731,33,0.7947692410682005
LSTM,多步直接预测,7,"{'dropout': 0.1, 'epochs': 60, 'lr': 0.001, 'units': (32, 32)}",0.15576853457403195,35,0.7999936485511644
LSTM,多步直接预测,7,"{'dropout': 0.1, 'epochs': 80, 'lr': 0.001, 'units': (32, 32)}",0.15576853457403195,35,0.7999936485511644
LSTM,多步直接预测,7,"{'dropout': 0.2, 'epochs': 60, 'lr': 0.005, 'units': (64, 32)}",0.05125982413508188,37,0.8052308531996489
LSTM,多步直接预测,7,"{'dropout': 0.2, 'epochs': 80, 'lr': 0.005, 'units': (64, 32)}",0.05125982413508188,37,0.8052308531996489
LSTM,多步直接预测,7,"{'dropout': 0.3, 'epochs': 80, 'lr': 0.005, 'units': (64,)}",0.19150478177834843,39,0.8122125132354308
LSTM,多步直接预测,7,"{'dropout': 0.3, 'epochs': 60, 'lr': 0.005, 'units': (64,)}",0.19150478177834843,39,0.8122125132354308
LSTM,多步直接预测,7,"{'dropout': 0.3, 'epochs': 60, 'lr': 0.005, 'units': (64, 32)}",0.06073699134036954,41,0.8197123580378997
LSTM,多步直接预测,7,"{'dropout': 0.3, 'epochs': 80, 'lr': 0.005, 'units': (64, 32)}",0.06073699134036954,41,0.8197123580378997
LSTM,多步直接预测,7,"{'dropout': 0.1, 'epochs': 80, 'lr': 0.005, 'units': (64, 32)}",0.06973372430985972,43,0.8218892217106287
LSTM,多步直接预测,7,"{'dropout': 0.1, 'epochs': 60, 'lr': 0.005, 'units': (64, 32)}",0.06973372430985972,43,0.8218892217106287
LSTM,多步直接预测,7,"{'dropout': 0.2, 'epochs': 80, 'lr': 0.005, 'units': (64,)}",0.19686587636365516,45,0.9378122032415667
LSTM,多步直接预测,7,"{'dropout': 0.2, 'epochs': 60, 'lr': 0.005, 'units': (64,)}",0.19686587636365516,45,0.9378122032415667
LSTM,多步直接预测,7,"{'dropout': 0.1, 'epochs': 60, 'lr': 0.005, 'units': (64,)}",0.29756684335895756,47,1.0571340425265399
LSTM,多步直接预测,7,"{'dropout': 0.1, 'epochs': 80, 'lr': 0.005, 'units': (64,)}",0.29756684335895756,47,1.0571340425265399
LSTM,多输出预测,1,"{'dropout': 0.3, 'epochs': 80, 'lr': 0.005, 'units': (32,)}",0.09865654414687453,1,0.7111932410086025
LSTM,多输出预测,1,"{'dropout': 0.3, 'epochs': 60, 'lr': 0.005, 'units': (32,)}",0.09865654414687453,1,0.7111932410086025
LSTM,多输出预测,1,"{'dropout': 0.2, 'epochs': 80, 'lr': 0.005, 'units': (32,)}",0.1366095839114308,3,0.7272626140420173
LSTM,多输出预测,1,"{'dropout': 0.2, 'epochs': 60, 'lr': 0.005, 'units': (32,)}",0.1366095839114308,3,0.7272626140420173
LSTM,多输出预测,1,"{'dropout': 0.3, 'epochs': 60, 'lr': 0.005, 'units': (32, 32)}",0.0931018886588263,5,0.7324562134397185
LSTM,多输出预测,1,"{'dropout': 0.3, 'epochs': 80, 'lr': 0.005, 'units': (32, 32)}",0.0931018886588263,5,0.7324562134397185
LSTM,多输出预测,1,"{'dropout': 0.3, 'epochs': 80, 'lr': 0.005, 'units': (64,)}",0.13680106846357723,7,0.7402048581500159
LSTM,多输出预测,1,"{'dropout': 0.3, 'epochs': 60, 'lr': 0.005, 'units': (64,)}",0.13680106846357723,7,0.7402048581500159
LSTM,多输出预测,1,"{'dropout': 0.2, 'epochs': 60, 'lr': 0.005, 'units': (64,)}",0.14627054861415975,9,0.7408891940225065
LSTM,多输出预测,1,"{'dropout': 0.2, 'epochs': 80, 'lr': 0.005, 'units': (64,)}",0.14627054861415975,9,0.7408891940225065
LSTM,多输出预测,1,"{'dropout': 0.1, 'epochs': 60, 'lr': 0.005, 'units': (64, 32)}",0.1317907016268522,11,0.7485173991692085
LSTM,多输出预测,1,"{'dropout': 0.1, 'epochs': 80, 'lr': 0.005, 'units': (64, 32)}",0.1317907016268522,11,0.7485173991692085
LSTM,多输出预测,1,"{'dropout': 0.1, 'epochs': 80, 'lr': 0.005, 'units': (64,)}",0.12660319436133408,13,0.7507926648766023
LSTM,多输出预测,1,"{'dropout': 0.1, 'epochs': 60, 'lr': 0.005, 'units': (64,)}",0.12660319436133408,13,0.7507926648766023
LSTM,多输出预测,1,"{'dropout': 0.1, 'epochs': 60, 'lr': 0.005, 'units': (32,)}",0.135257303931769,15,0.752814355161155
LSTM,多输出预测,1,"{'dropout': 0.1, 'epochs': 80, 'lr': 0.005, 'units': (32,)}",0.135257303931769,15,0.752814355161155
LSTM,多输出预测,1,"{'dropout': 0.2, 'epochs': 80, 'lr': 0.005, 'units': (32, 32)}",0.11492625956951762,17,0.7594510575176875
LSTM,多输出预测,1,"{'dropout': 0.2, 'epochs': 60, 'lr': 0.005, 'units': (32, 32)}",0.11492625956951762,17,0.7594510575176875
LSTM,多输出预测,1,"{'dropout': 0.2, 'epochs': 60, 'lr': 0.005, 'units': (64, 32)}",0.12736112405511513,19,0.765337553298458
LSTM,多输出预测,1,"{'dropout': 0.2, 'epochs': 80, 'lr': 0.005, 'units': (64, 32)}",0.12736112405511513,19,0.765337553298458
LSTM,多输出预测,1,"{'dropout': 0.3, 'epochs': 60, 'lr': 0.001, 'units': (64, 32)}",0.16124110855791113,21,0.7682654380823791
LSTM,多输出预测,1,"{'dropout': 0.3, 'epochs': 80, 'lr': 0.001, 'units': (64, 32)}",0.16124110855791113,21,0.7682654380823791
LSTM,多输出预测,1,"{'dropout': 0.1, 'epochs': 80, 'lr': 0.005, 'units': (32, 32)}",0.1483608304059102,23,0.7685819589238797
LSTM,多输出预测,1,"{'dropout': 0.1, 'epochs': 60, 'lr': 0.005, 'units': (32, 32)}",0.1483608304059102,23,0.7685819589238797
LSTM,多输出预测,1,"{'dropout': 0.1, 'epochs': 60, 'lr': 0.001, 'units': (64, 32)}",0.14636782710346263,25,0.7720511154300951
LSTM,多输出预测,1,"{'dropout': 0.1, 'epochs': 80, 'lr': 0.001, 'units': (64, 32)}",0.14636782710346263,25,0.7720511154300951
LSTM,多输出预测,1,"{'dropout': 0.2, 'epochs': 80, 'lr': 0.001, 'units': (64, 32)}",0.14804283310819258,27,0.7790206143231168
LSTM,多输出预测,1,"{'dropout': 0.2, 'epochs': 60, 'lr': 0.001, 'units': (64, 32)}",0.14804283310819258,27,0.7790206143231168
LSTM,多输出预测,1,"{'dropout': 0.2, 'epochs': 60, 'lr': 0.001, 'units': (64,)}",0.212053190827597,29,0.7830857314764407
LSTM,多输出预测,1,"{'dropout': 0.2, 'epochs': 80, 'lr': 0.001, 'units': (64,)}",0.212053190827597,29,0.7830857314764407
LSTM,多输出预测,1,"{'dropout': 0.1, 'epochs': 80, 'lr': 0.001, 'units': (64,)}",0.2122927605437176,31,0.7901454485038002
LSTM,多输出预测,1,"{'dropout': 0.1, 'epochs': 60, 'lr': 0.001, 'units': (64,)}",0.2122927605437176,31,0.7901454485038002
LSTM,多输出预测,1,"{'dropout': 0.3, 'epochs': 80, 'lr': 0.001, 'units': (64,)}",0.20961380254377834,33,0.7965115040147323
LSTM,多输出预测,1,"{'dropout': 0.3, 'epochs': 60, 'lr': 0.001, 'units': (64,)}",0.20961380254377834,33,0.7965115040147323
LSTM,多输出预测,1,"{'dropout': 0.3, 'epochs': 60, 'lr': 0.005, 'units': (64, 32)}",0.1456228010338688,35,0.8063489735967316
LSTM,多输出预测,1,"{'dropout': 0.3, 'epochs': 80, 'lr': 0.005, 'units': (64, 32)}",0.1456228010338688,35,0.8063489735967316
LSTM,多输出预测,1,"{'dropout': 0.2, 'epochs': 60, 'lr': 0.001, 'units': (32, 32)}",0.15930372614583677,37,0.8112217258575004
LSTM,多输出预测,1,"{'dropout': 0.2, 'epochs': 80, 'lr': 0.001, 'units': (32, 32)}",0.15930372614583677,37,0.8112217258575004
LSTM,多输出预测,1,"{'dropout': 0.3, 'epochs': 80, 'lr': 0.001, 'units': (32,)}",0.20389473341783157,39,0.813535736312395
LSTM,多输出预测,1,"{'dropout': 0.3, 'epochs': 60, 'lr': 0.001, 'units': (32,)}",0.20389473341783157,39,0.813535736312395
LSTM,多输出预测,1,"{'dropout': 0.2, 'epochs': 80, 'lr': 0.001, 'units': (32,)}",0.20306288171825798,41,0.8139167715764817
LSTM,多输出预测,1,"{'dropout': 0.2, 'epochs': 60, 'lr': 0.001, 'units': (32,)}",0.20306288171825798,41,0.8139167715764817
LSTM,多输出预测,1,"{'dropout': 0.1, 'epochs': 80, 'lr': 0.001, 'units': (32,)}",0.20698975257941718,43,0.8153820042796242
LSTM,多输出预测,1,"{'dropout': 0.1, 'epochs': 60, 'lr': 0.001, 'units': (32,)}",0.20698975257941718,43,0.8153820042796242
LSTM,多输出预测,1,"{'dropout': 0.3, 'epochs': 60, 'lr': 0.001, 'units': (32, 32)}",0.13520877703136383,45,0.8242461743123504
LSTM,多输出预测,1,"{'dropout': 0.3, 'epochs': 80, 'lr': 0.001, 'units': (32, 32)}",0.13520877703136383,45,0.8242461743123504
LSTM,多输出预测,1,"{'dropout': 0.1, 'epochs': 60, 'lr': 0.001, 'units': (32, 32)}",0.1415496922250689,47,0.8244423678434144
LSTM,多输出预测,1,"{'dropout': 0.1, 'epochs': 80, 'lr': 0.001, 'units': (32, 32)}",0.1415496922250689,47,0.8244423678434144
LSTM,多输出预测,2,"{'dropout': 0.3, 'epochs': 80, 'lr': 0.005, 'units': (32,)}",0.09865654414687453,1,0.7111932410086025
LSTM,多输出预测,2,"{'dropout': 0.3, 'epochs': 60, 'lr': 0.005, 'units': (32,)}",0.09865654414687453,1,0.7111932410086025
LSTM,多输出预测,2,"{'dropout': 0.2, 'epochs': 80, 'lr': 0.005, 'units': (32,)}",0.1366095839114308,3,0.7272626140420173
LSTM,多输出预测,2,"{'dropout': 0.2, 'epochs': 60, 'lr': 0.005, 'units': (32,)}",0.1366095839114308,3,0.7272626140420173
LSTM,多输出预测,2,"{'dropout': 0.3, 'epochs': 60, 'lr': 0.005, 'units': (32, 32)}",0.0931018886588263,5,0.7324562134397185
LSTM,多输出预测,2,"{'dropout': 0.3, 'epochs': 80, 'lr': 0.005, 'units': (32, 32)}",0.0931018886588263,5,0.7324562134397185
LSTM,多输出预测,2,"{'dropout': 0.3, 'epochs': 80, 'lr': 0.005, 'units': (64,)}",0.13680106846357723,7,0.7402048581500159
LSTM,多输出预测,2,"{'dropout': 0.3, 'epochs': 60, 'lr': 0.005, 'units': (64,)}",0.13680106846357723,7,0.7402048581500159
LSTM,多输出预测,2,"{'dropout': 0.2, 'epochs': 60, 'lr': 0.005, 'units': (64,)}",0.14627054861415975,9,0.7408891940225065
LSTM,多输出预测,2,"{'dropout': 0.2, 'epochs': 80, 'lr': 0.005, 'units': (64,)}",0.14627054861415975,9,0.7408891940225065
LSTM,多输出预测,2,"{'dropout': 0.1, 'epochs': 60, 'lr': 0.005, 'units': (64, 32)}",0.1317907016268522,11,0.7485173991692085
LSTM,多输出预测,2,"{'dropout': 0.1, 'epochs': 80, 'lr': 0.005, 'units': (64, 32)}",0.1317907016268522,11,0.7485173991692085
LSTM,多输出预测,2,"{'dropout': 0.1, 'epochs': 80, 'lr': 0.005, 'units': (64,)}",0.12660319436133408,13,0.7507926648766023
LSTM,多输出预测,2,"{'dropout': 0.1, 'epochs': 60, 'lr': 0.005, 'units': (64,)}",0.12660319436133408,13,0.7507926648766023
LSTM,多输出预测,2,"{'dropout': 0.1, 'epochs': 60, 'lr': 0.005, 'units': (32,)}",0.135257303931769,15,0.752814355161155
LSTM,多输出预测,2,"{'dropout': 0.1, 'epochs': 80, 'lr': 0.005, 'units': (32,)}",0.135257303931769,15,0.752814355161155
LSTM,多输出预测,2,"{'dropout': 0.2, 'epochs': 80, 'lr': 0.005, 'units': (32, 32)}",0.11492625956951762,17,0.7594510575176875
LSTM,多输出预测,2,"{'dropout': 0.2, 'epochs': 60, 'lr': 0.005, 'units': (32, 32)}",0.11492625956951762,17,0.7594510575176875
LSTM,多输出预测,2,"{'dropout': 0.2, 'epochs': 60, 'lr': 0.005, 'units': (64, 32)}",0.12736112405511513,19,0.765337553298458
LSTM,多输出预测,2,"{'dropout': 0.2, 'epochs': 80, 'lr': 0.005, 'units': (64, 32)}",0.12736112405511513,19,0.765337553298458
LSTM,多输出预测,2,"{'dropout': 0.3, 'epochs': 60, 'lr': 0.001, 'units': (64, 32)}",0.16124110855791113,21,0.7682654380823791
LSTM,多输出预测,2,"{'dropout': 0.3, 'epochs': 80, 'lr': 0.001, 'units': (64, 32)}",0.16124110855791113,21,0.7682654380823791
LSTM,多输出预测,2,"{'dropout': 0.1, 'epochs': 80, 'lr': 0.005, 'units': (32, 32)}",0.1483608304059102,23,0.7685819589238797
LSTM,多输出预测,2,"{'dropout': 0.1, 'epochs': 60, 'lr': 0.005, 'units': (32, 32)}",0.1483608304059102,23,0.7685819589238797
LSTM,多输出预测,2,"{'dropout': 0.1, 'epochs': 60, 'lr': 0.001, 'units': (64, 32)}",0.14636782710346263,25,0.7720511154300951
LSTM,多输出预测,2,"{'dropout': 0.1, 'epochs': 80, 'lr': 0.001, 'units': (64, 32)}",0.14636782710346263,25,0.7720511154300951
LSTM,多输出预测,2,"{'dropout': 0.2, 'epochs': 80, 'lr': 0.001, 'units': (64, 32)}",0.14804283310819258,27,0.7790206143231168
LSTM,多输出预测,2,"{'dropout': 0.2, 'epochs': 60, 'lr': 0.001, 'units': (64, 32)}",0.14804283310819258,27,0.7790206143231168
LSTM,多输出预测,2,"{'dropout': 0.2, 'epochs': 60, 'lr': 0.001, 'units': (64,)}",0.212053190827597,29,0.7830857314764407
LSTM,多输出预测,2,"{'dropout': 0.2, 'epochs': 80, 'lr': 0.001, 'units': (64,)}",0.212053190827597,29,0.7830857314764407
LSTM,多输出预测,2,"{'dropout': 0.1, 'epochs': 80, 'lr': 0.001, 'units': (64,)}",0.2122927605437176,31,0.7901454485038002
LSTM,多输出预测,2,"{'dropout': 0.1, 'epochs': 60, 'lr': 0.001, 'units': (64,)}",0.2122927605437176,31,0.7901454485038002
LSTM,多输出预测,2,"{'dropout': 0.3, 'epochs': 80, 'lr': 0.001, 'units': (64,)}",0.20961380254377834,33,0.7965115040147323
LSTM,多输出预测,2,"{'dropout': 0.3, 'epochs': 60, 'lr': 0.001, 'units': (64,)}",0.20961380254377834,33,0.7965115040147323
LSTM,多输出预测,2,"{'dropout': 0.3, 'epochs': 60, 'lr': 0.005, 'units': (64, 32)}",0.1456228010338688,35,0.8063489735967316
LSTM,多输出预测,2,"{'dropout': 0.3, 'epochs': 80, 'lr': 0.005, 'units': (64, 32)}",0.1456228010338688,35,0.8063489735967316
LSTM,多输出预测,2,"{'dropout': 0.2, 'epochs': 60, 'lr': 0.001, 'units': (32, 32)}",0.15930372614583677,37,0.8112217258575004
LSTM,多输出预测,2,"{'dropout': 0.2, 'epochs': 80, 'lr': 0.001, 'units': (32, 32)}",0.15930372614583677,37,0.8112217258575004
LSTM,多输出预测,2,"{'dropout': 0.3, 'epochs': 80, 'lr': 0.001, 'units': (32,)}",0.20389473341783157,39,0.813535736312395
LSTM,多输出预测,2,"{'dropout': 0.3, 'epochs': 60, 'lr': 0.001, 'units': (32,)}",0.20389473341783157,39,0.813535736312395
LSTM,多输出预测,2,"{'dropout': 0.2, 'epochs': 80, 'lr': 0.001, 'units': (32,)}",0.20306288171825798,41,0.8139167715764817
LSTM,多输出预测,2,"{'dropout': 0.2, 'epochs': 60, 'lr': 0.001, 'units': (32,)}",0.20306288171825798,41,0.8139167715764817
LSTM,多输出预测,2,"{'dropout': 0.1, 'epochs': 80, 'lr': 0.001, 'units': (32,)}",0.20698975257941718,43,0.8153820042796242
LSTM,多输出预测,2,"{'dropout': 0.1, 'epochs': 60, 'lr': 0.001, 'units': (32,)}",0.20698975257941718,43,0.8153820042796242
LSTM,多输出预测,2,"{'dropout': 0.3, 'epochs': 60, 'lr': 0.001, 'units': (32, 32)}",0.13520877703136383,45,0.8242461743123504
LSTM,多输出预测,2,"{'dropout': 0.3, 'epochs': 80, 'lr': 0.001, 'units': (32, 32)}",0.13520877703136383,45,0.8242461743123504
LSTM,多输出预测,2,"{'dropout': 0.1, 'epochs': 60, 'lr': 0.001, 'units': (32, 32)}",0.1415496922250689,47,0.8244423678434144
LSTM,多输出预测,2,"{'dropout': 0.1, 'epochs': 80, 'lr': 0.001, 'units': (32, 32)}",0.1415496922250689,47,0.8244423678434144
LSTM,多输出预测,3,"{'dropout': 0.3, 'epochs': 80, 'lr': 0.005, 'units': (32,)}",0.09865654414687453,1,0.7111932410086025
LSTM,多输出预测,3,"{'dropout': 0.3, 'epochs': 60, 'lr': 0.005, 'units': (32,)}",0.09865654414687453,1,0.7111932410086025
LSTM,多输出预测,3,"{'dropout': 0.2, 'epochs': 80, 'lr': 0.005, 'units': (32,)}",0.1366095839114308,3,0.7272626140420173
LSTM,多输出预测,3,"{'dropout': 0.2, 'epochs': 60, 'lr': 0.005, 'units': (32,)}",0.1366095839114308,3,0.7272626140420173
LSTM,多输出预测,3,"{'dropout': 0.3, 'epochs': 60, 'lr': 0.005, 'units': (32, 32)}",0.0931018886588263,5,0.7324562134397185
LSTM,多输出预测,3,"{'dropout': 0.3, 'epochs': 80, 'lr': 0.005, 'units': (32, 32)}",0.0931018886588263,5,0.7324562134397185
LSTM,多输出预测,3,"{'dropout': 0.3, 'epochs': 80, 'lr': 0.005, 'units': (64,)}",0.13680106846357723,7,0.7402048581500159
LSTM,多输出预测,3,"{'dropout': 0.3, 'epochs': 60, 'lr': 0.005, 'units': (64,)}",0.13680106846357723,7,0.7402048581500159
LSTM,多输出预测,3,"{'dropout': 0.2, 'epochs': 60, 'lr': 0.005, 'units': (64,)}",0.14627054861415975,9,0.7408891940225065
LSTM,多输出预测,3,"{'dropout': 0.2, 'epochs': 80, 'lr': 0.005, 'units': (64,)}",0.14627054861415975,9,0.7408891940225065
LSTM,多输出预测,3,"{'dropout': 0.1, 'epochs': 60, 'lr': 0.005, 'units': (64, 32)}",0.1317907016268522,11,0.7485173991692085
LSTM,多输出预测,3,"{'dropout': 0.1, 'epochs': 80, 'lr': 0.005, 'units': (64, 32)}",0.1317907016268522,11,0.7485173991692085
LSTM,多输出预测,3,"{'dropout': 0.1, 'epochs': 80, 'lr': 0.005, 'units': (64,)}",0.12660319436133408,13,0.7507926648766023
LSTM,多输出预测,3,"{'dropout': 0.1, 'epochs': 60, 'lr': 0.005, 'units': (64,)}",0.12660319436133408,13,0.7507926648766023
LSTM,多输出预测,3,"{'dropout': 0.1, 'epochs': 60, 'lr': 0.005, 'units': (32,)}",0.135257303931769,15,0.752814355161155
LSTM,多输出预测,3,"{'dropout': 0.1, 'epochs': 80, 'lr': 0.005, 'units': (32,)}",0.135257303931769,15,0.752814355161155
LSTM,多输出预测,3,"{'dropout': 0.2, 'epochs': 80, 'lr': 0.005, 'units': (32, 32)}",0.11492625956951762,17,0.7594510575176875
LSTM,多输出预测,3,"{'dropout': 0.2, 'epochs': 60, 'lr': 0.005, 'units': (32, 32)}",0.11492625956951762,17,0.7594510575176875
LSTM,多输出预测,3,"{'dropout': 0.2, 'epochs': 60, 'lr': 0.005, 'units': (64, 32)}",0.12736112405511513,19,0.765337553298458
LSTM,多输出预测,3,"{'dropout': 0.2, 'epochs': 80, 'lr': 0.005, 'units': (64, 32)}",0.12736112405511513,19,0.765337553298458
LSTM,多输出预测,3,"{'dropout': 0.3, 'epochs': 60, 'lr': 0.001, 'units': (64, 32)}",0.16124110855791113,21,0.7682654380823791
LSTM,多输出预测,3,"{'dropout': 0.3, 'epochs': 80, 'lr': 0.001, 'units': (64, 32)}",0.16124110855791113,21,0.7682654380823791
LSTM,多输出预测,3,"{'dropout': 0.1, 'epochs': 80, 'lr': 0.005, 'units': (32, 32)}",0.1483608304059102,23,0.7685819589238797
LSTM,多输出预测,3,"{'dropout': 0.1, 'epochs': 60, 'lr': 0.005, 'units': (32, 32)}",0.1483608304059102,23,0.7685819589238797
LSTM,多输出预测,3,"{'dropout': 0.1, 'epochs': 60, 'lr': 0.001, 'units': (64, 32)}",0.14636782710346263,25,0.7720511154300951
LSTM,多输出预测,3,"{'dropout': 0.1, 'epochs': 80, 'lr': 0.001, 'units': (64, 32)}",0.14636782710346263,25,0.7720511154300951
LSTM,多输出预测,3,"{'dropout': 0.2, 'epochs': 80, 'lr': 0.001, 'units': (64, 32)}",0.14804283310819258,27,0.7790206143231168
LSTM,多输出预测,3,"{'dropout': 0.2, 'epochs': 60, 'lr': 0.001, 'units': (64, 32)}",0.14804283310819258,27,0.7790206143231168
LSTM,多输出预测,3,"{'dropout': 0.2, 'epochs': 60, 'lr': 0.001, 'units': (64,)}",0.212053190827597,29,0.7830857314764407
LSTM,多输出预测,3,"{'dropout': 0.2, 'epochs': 80, 'lr': 0.001, 'units': (64,)}",0.212053190827597,29,0.7830857314764407
LSTM,多输出预测,3,"{'dropout': 0.1, 'epochs': 80, 'lr': 0.001, 'units': (64,)}",0.2122927605437176,31,0.7901454485038002
LSTM,多输出预测,3,"{'dropout': 0.1, 'epochs': 60, 'lr': 0.001, 'units': (64,)}",0.2122927605437176,31,0.7901454485038002
LSTM,多输出预测,3,"{'dropout': 0.3, 'epochs': 80, 'lr': 0.001, 'units': (64,)}",0.20961380254377834,33,0.7965115040147323
LSTM,多输出预测,3,"{'dropout': 0.3, 'epochs': 60, 'lr': 0.001, 'units': (64,)}",0.20961380254377834,33,0.7965115040147323
LSTM,多输出预测,3,"{'dropout': 0.3, 'epochs': 60, 'lr': 0.005, 'units': (64, 32)}",0.1456228010338688,35,0.8063489735967316
LSTM,多输出预测,3,"{'dropout': 0.3, 'epochs': 80, 'lr': 0.005, 'units': (64, 32)}",0.1456228010338688,35,0.8063489735967316
LSTM,多输出预测,3,"{'dropout': 0.2, 'epochs': 60, 'lr': 0.001, 'units': (32, 32)}",0.15930372614583677,37,0.8112217258575004
LSTM,多输出预测,3,"{'dropout': 0.2, 'epochs': 80, 'lr': 0.001, 'units': (32, 32)}",0.15930372614583677,37,0.8112217258575004
LSTM,多输出预测,3,"{'dropout': 0.3, 'epochs': 80, 'lr': 0.001, 'units': (32,)}",0.20389473341783157,39,0.813535736312395
LSTM,多输出预测,3,"{'dropout': 0.3, 'epochs': 60, 'lr': 0.001, 'units': (32,)}",0.20389473341783157,39,0.813535736312395
LSTM,多输出预测,3,"{'dropout': 0.2, 'epochs': 80, 'lr': 0.001, 'units': (32,)}",0.20306288171825798,41,0.8139167715764817
LSTM,多输出预测,3,"{'dropout': 0.2, 'epochs': 60, 'lr': 0.001, 'units': (32,)}",0.20306288171825798,41,0.8139167715764817
LSTM,多输出预测,3,"{'dropout': 0.1, 'epochs': 80, 'lr': 0.001, 'units': (32,)}",0.20698975257941718,43,0.8153820042796242
LSTM,多输出预测,3,"{'dropout': 0.1, 'epochs': 60, 'lr': 0.001, 'units': (32,)}",0.20698975257941718,43,0.8153820042796242
LSTM,多输出预测,3,"{'dropout': 0.3, 'epochs': 60, 'lr': 0.001, 'units': (32, 32)}",0.13520877703136383,45,0.8242461743123504
LSTM,多输出预测,3,"{'dropout': 0.3, 'epochs': 80, 'lr': 0.001, 'units': (32, 32)}",0.13520877703136383,45,0.8242461743123504
LSTM,多输出预测,3,"{'dropout': 0.1, 'epochs': 60, 'lr': 0.001, 'units': (32, 32)}",0.1415496922250689,47,0.8244423678434144
LSTM,多输出预测,3,"{'dropout': 0.1, 'epochs': 80, 'lr': 0.001, 'units': (32, 32)}",0.1415496922250689,47,0.8244423678434144
LSTM,多输出预测,4,"{'dropout': 0.3, 'epochs': 80, 'lr': 0.005, 'units': (32,)}",0.09865654414687453,1,0.7111932410086025
LSTM,多输出预测,4,"{'dropout': 0.3, 'epochs': 60, 'lr': 0.005, 'units': (32,)}",0.09865654414687453,1,0.7111932410086025
LSTM,多输出预测,4,"{'dropout': 0.2, 'epochs': 80, 'lr': 0.005, 'units': (32,)}",0.1366095839114308,3,0.7272626140420173
LSTM,多输出预测,4,"{'dropout': 0.2, 'epochs': 60, 'lr': 0.005, 'units': (32,)}",0.1366095839114308,3,0.7272626140420173
LSTM,多输出预测,4,"{'dropout': 0.3, 'epochs': 60, 'lr': 0.005, 'units': (32, 32)}",0.0931018886588263,5,0.7324562134397185
LSTM,多输出预测,4,"{'dropout': 0.3, 'epochs': 80, 'lr': 0.005, 'units': (32, 32)}",0.0931018886588263,5,0.7324562134397185
LSTM,多输出预测,4,"{'dropout': 0.3, 'epochs': 80, 'lr': 0.005, 'units': (64,)}",0.13680106846357723,7,0.7402048581500159
LSTM,多输出预测,4,"{'dropout': 0.3, 'epochs': 60, 'lr': 0.005, 'units': (64,)}",0.13680106846357723,7,0.7402048581500159
LSTM,多输出预测,4,"{'dropout': 0.2, 'epochs': 60, 'lr': 0.005, 'units': (64,)}",0.14627054861415975,9,0.7408891940225065
LSTM,多输出预测,4,"{'dropout': 0.2, 'epochs': 80, 'lr': 0.005, 'units': (64,)}",0.14627054861415975,9,0.7408891940225065
LSTM,多输出预测,4,"{'dropout': 0.1, 'epochs': 60, 'lr': 0.005, 'units': (64, 32)}",0.1317907016268522,11,0.7485173991692085
LSTM,多输出预测,4,"{'dropout': 0.1, 'epochs': 80, 'lr': 0.005, 'units': (64, 32)}",0.1317907016268522,11,0.7485173991692085
LSTM,多输出预测,4,"{'dropout': 0.1, 'epochs': 80, 'lr': 0.005, 'units': (64,)}",0.12660319436133408,13,0.7507926648766023
LSTM,多输出预测,4,"{'dropout': 0.1, 'epochs': 60, 'lr': 0.005, 'units': (64,)}",0.12660319436133408,13,0.7507926648766023
LSTM,多输出预测,4,"{'dropout': 0.1, 'epochs': 60, 'lr': 0.005, 'units': (32,)}",0.135257303931769,15,0.752814355161155
LSTM,多输出预测,4,"{'dropout': 0.1, 'epochs': 80, 'lr': 0.005, 'units': (32,)}",0.135257303931769,15,0.752814355161155
LSTM,多输出预测,4,"{'dropout': 0.2, 'epochs': 80, 'lr': 0.005, 'units': (32, 32)}",0.11492625956951762,17,0.7594510575176875
LSTM,多输出预测,4,"{'dropout': 0.2, 'epochs': 60, 'lr': 0.005, 'units': (32, 32)}",0.11492625956951762,17,0.7594510575176875
LSTM,多输出预测,4,"{'dropout': 0.2, 'epochs': 60, 'lr': 0.005, 'units': (64, 32)}",0.12736112405511513,19,0.765337553298458
LSTM,多输出预测,4,"{'dropout': 0.2, 'epochs': 80, 'lr': 0.005, 'units': (64, 32)}",0.12736112405511513,19,0.765337553298458
LSTM,多输出预测,4,"{'dropout': 0.3, 'epochs': 60, 'lr': 0.001, 'units': (64, 32)}",0.16124110855791113,21,0.7682654380823791
LSTM,多输出预测,4,"{'dropout': 0.3, 'epochs': 80, 'lr': 0.001, 'units': (64, 32)}",0.16124110855791113,21,0.7682654380823791
LSTM,多输出预测,4,"{'dropout': 0.1, 'epochs': 80, 'lr': 0.005, 'units': (32, 32)}",0.1483608304059102,23,0.7685819589238797
LSTM,多输出预测,4,"{'dropout': 0.1, 'epochs': 60, 'lr': 0.005, 'units': (32, 32)}",0.1483608304059102,23,0.7685819589238797
LSTM,多输出预测,4,"{'dropout': 0.1, 'epochs': 60, 'lr': 0.001, 'units': (64, 32)}",0.14636782710346263,25,0.7720511154300951
LSTM,多输出预测,4,"{'dropout': 0.1, 'epochs': 80, 'lr': 0.001, 'units': (64, 32)}",0.14636782710346263,25,0.7720511154300951
LSTM,多输出预测,4,"{'dropout': 0.2, 'epochs': 80, 'lr': 0.001, 'units': (64, 32)}",0.14804283310819258,27,0.7790206143231168
LSTM,多输出预测,4,"{'dropout': 0.2, 'epochs': 60, 'lr': 0.001, 'units': (64, 32)}",0.14804283310819258,27,0.7790206143231168
LSTM,多输出预测,4,"{'dropout': 0.2, 'epochs': 60, 'lr': 0.001, 'units': (64,)}",0.212053190827597,29,0.7830857314764407
LSTM,多输出预测,4,"{'dropout': 0.2, 'epochs': 80, 'lr': 0.001, 'units': (64,)}",0.212053190827597,29,0.7830857314764407
LSTM,多输出预测,4,"{'dropout': 0.1, 'epochs': 80, 'lr': 0.001, 'units': (64,)}",0.2122927605437176,31,0.7901454485038002
LSTM,多输出预测,4,"{'dropout': 0.1, 'epochs': 60, 'lr': 0.001, 'units': (64,)}",0.2122927605437176,31,0.7901454485038002
LSTM,多输出预测,4,"{'dropout': 0.3, 'epochs': 80, 'lr': 0.001, 'units': (64,)}",0.20961380254377834,33,0.7965115040147323
LSTM,多输出预测,4,"{'dropout': 0.3, 'epochs': 60, 'lr': 0.001, 'units': (64,)}",0.20961380254377834,33,0.7965115040147323
LSTM,多输出预测,4,"{'dropout': 0.3, 'epochs': 60, 'lr': 0.005, 'units': (64, 32)}",0.1456228010338688,35,0.8063489735967316
LSTM,多输出预测,4,"{'dropout': 0.3, 'epochs': 80, 'lr': 0.005, 'units': (64, 32)}",0.1456228010338688,35,0.8063489735967316
LSTM,多输出预测,4,"{'dropout': 0.2, 'epochs': 60, 'lr': 0.001, 'units': (32, 32)}",0.15930372614583677,37,0.8112217258575004
LSTM,多输出预测,4,"{'dropout': 0.2, 'epochs': 80, 'lr': 0.001, 'units': (32, 32)}",0.15930372614583677,37,0.8112217258575004
LSTM,多输出预测,4,"{'dropout': 0.3, 'epochs': 80, 'lr': 0.001, 'units': (32,)}",0.20389473341783157,39,0.813535736312395
LSTM,多输出预测,4,"{'dropout': 0.3, 'epochs': 60, 'lr': 0.001, 'units': (32,)}",0.20389473341783157,39,0.813535736312395
LSTM,多输出预测,4,"{'dropout': 0.2, 'epochs': 80, 'lr': 0.001, 'units': (32,)}",0.20306288171825798,41,0.8139167715764817
LSTM,多输出预测,4,"{'dropout': 0.2, 'epochs': 60, 'lr': 0.001, 'units': (32,)}",0.20306288171825798,41,0.8139167715764817
LSTM,多输出预测,4,"{'dropout': 0.1, 'epochs': 80, 'lr': 0.001, 'units': (32,)}",0.20698975257941718,43,0.8153820042796242
LSTM,多输出预测,4,"{'dropout': 0.1, 'epochs': 60, 'lr': 0.001, 'units': (32,)}",0.20698975257941718,43,0.8153820042796242
LSTM,多输出预测,4,"{'dropout': 0.3, 'epochs': 60, 'lr': 0.001, 'units': (32, 32)}",0.13520877703136383,45,0.8242461743123504
LSTM,多输出预测,4,"{'dropout': 0.3, 'epochs': 80, 'lr': 0.001, 'units': (32, 32)}",0.13520877703136383,45,0.8242461743123504
LSTM,多输出预测,4,"{'dropout': 0.1, 'epochs': 60, 'lr': 0.001, 'units': (32, 32)}",0.1415496922250689,47,0.8244423678434144
LSTM,多输出预测,4,"{'dropout': 0.1, 'epochs': 80, 'lr': 0.001, 'units': (32, 32)}",0.1415496922250689,47,0.8244423678434144
LSTM,多输出预测,5,"{'dropout': 0.3, 'epochs': 80, 'lr': 0.005, 'units': (32,)}",0.09865654414687453,1,0.7111932410086025
LSTM,多输出预测,5,"{'dropout': 0.3, 'epochs': 60, 'lr': 0.005, 'units': (32,)}",0.09865654414687453,1,0.7111932410086025
LSTM,多输出预测,5,"{'dropout': 0.2, 'epochs': 80, 'lr': 0.005, 'units': (32,)}",0.1366095839114308,3,0.7272626140420173
LSTM,多输出预测,5,"{'dropout': 0.2, 'epochs': 60, 'lr': 0.005, 'units': (32,)}",0.1366095839114308,3,0.7272626140420173
LSTM,多输出预测,5,"{'dropout': 0.3, 'epochs': 60, 'lr': 0.005, 'units': (32, 32)}",0.0931018886588263,5,0.7324562134397185
LSTM,多输出预测,5,"{'dropout': 0.3, 'epochs': 80, 'lr': 0.005, 'units': (32, 32)}",0.0931018886588263,5,0.7324562134397185
LSTM,多输出预测,5,"{'dropout': 0.3, 'epochs': 80, 'lr': 0.005, 'units': (64,)}",0.13680106846357723,7,0.7402048581500159
LSTM,多输出预测,5,"{'dropout': 0.3, 'epochs': 60, 'lr': 0.005, 'units': (64,)}",0.13680106846357723,7,0.7402048581500159
LSTM,多输出预测,5,"{'dropout': 0.2, 'epochs': 60, 'lr': 0.005, 'units': (64,)}",0.14627054861415975,9,0.7408891940225065
LSTM,多输出预测,5,"{'dropout': 0.2, 'epochs': 80, 'lr': 0.005, 'units': (64,)}",0.14627054861415975,9,0.7408891940225065
LSTM,多输出预测,5,"{'dropout': 0.1, 'epochs': 60, 'lr': 0.005, 'units': (64, 32)}",0.1317907016268522,11,0.7485173991692085
LSTM,多输出预测,5,"{'dropout': 0.1, 'epochs': 80, 'lr': 0.005, 'units': (64, 32)}",0.1317907016268522,11,0.7485173991692085
LSTM,多输出预测,5,"{'dropout': 0.1, 'epochs': 80, 'lr': 0.005, 'units': (64,)}",0.12660319436133408,13,0.7507926648766023
LSTM,多输出预测,5,"{'dropout': 0.1, 'epochs': 60, 'lr': 0.005, 'units': (64,)}",0.12660319436133408,13,0.7507926648766023
LSTM,多输出预测,5,"{'dropout': 0.1, 'epochs': 60, 'lr': 0.005, 'units': (32,)}",0.135257303931769,15,0.752814355161155
LSTM,多输出预测,5,"{'dropout': 0.1, 'epochs': 80, 'lr': 0.005, 'units': (32,)}",0.135257303931769,15,0.752814355161155
LSTM,多输出预测,5,"{'dropout': 0.2, 'epochs': 80, 'lr': 0.005, 'units': (32, 32)}",0.11492625956951762,17,0.7594510575176875
LSTM,多输出预测,5,"{'dropout': 0.2, 'epochs': 60, 'lr': 0.005, 'units': (32, 32)}",0.11492625956951762,17,0.7594510575176875
LSTM,多输出预测,5,"{'dropout': 0.2, 'epochs': 60, 'lr': 0.005, 'units': (64, 32)}",0.12736112405511513,19,0.765337553298458
LSTM,多输出预测,5,"{'dropout': 0.2, 'epochs': 80, 'lr': 0.005, 'units': (64, 32)}",0.12736112405511513,19,0.765337553298458
LSTM,多输出预测,5,"{'dropout': 0.3, 'epochs': 60, 'lr': 0.001, 'units': (64, 32)}",0.16124110855791113,21,0.7682654380823791
LSTM,多输出预测,5,"{'dropout': 0.3, 'epochs': 80, 'lr': 0.001, 'units': (64, 32)}",0.16124110855791113,21,0.7682654380823791
LSTM,多输出预测,5,"{'dropout': 0.1, 'epochs': 80, 'lr': 0.005, 'units': (32, 32)}",0.1483608304059102,23,0.7685819589238797
LSTM,多输出预测,5,"{'dropout': 0.1, 'epochs': 60, 'lr': 0.005, 'units': (32, 32)}",0.1483608304059102,23,0.7685819589238797
LSTM,多输出预测,5,"{'dropout': 0.1, 'epochs': 60, 'lr': 0.001, 'units': (64, 32)}",0.14636782710346263,25,0.7720511154300951
LSTM,多输出预测,5,"{'dropout': 0.1, 'epochs': 80, 'lr': 0.001, 'units': (64, 32)}",0.14636782710346263,25,0.7720511154300951
LSTM,多输出预测,5,"{'dropout': 0.2, 'epochs': 80, 'lr': 0.001, 'units': (64, 32)}",0.14804283310819258,27,0.7790206143231168
LSTM,多输出预测,5,"{'dropout': 0.2, 'epochs': 60, 'lr': 0.001, 'units': (64, 32)}",0.14804283310819258,27,0.7790206143231168
LSTM,多输出预测,5,"{'dropout': 0.2, 'epochs': 60, 'lr': 0.001, 'units': (64,)}",0.212053190827597,29,0.7830857314764407
LSTM,多输出预测,5,"{'dropout': 0.2, 'epochs': 80, 'lr': 0.001, 'units': (64,)}",0.212053190827597,29,0.7830857314764407
LSTM,多输出预测,5,"{'dropout': 0.1, 'epochs': 80, 'lr': 0.001, 'units': (64,)}",0.2122927605437176,31,0.7901454485038002
LSTM,多输出预测,5,"{'dropout': 0.1, 'epochs': 60, 'lr': 0.001, 'units': (64,)}",0.2122927605437176,31,0.7901454485038002
LSTM,多输出预测,5,"{'dropout': 0.3, 'epochs': 80, 'lr': 0.001, 'units': (64,)}",0.20961380254377834,33,0.7965115040147323
LSTM,多输出预测,5,"{'dropout': 0.3, 'epochs': 60, 'lr': 0.001, 'units': (64,)}",0.20961380254377834,33,0.7965115040147323
LSTM,多输出预测,5,"{'dropout': 0.3, 'epochs': 60, 'lr': 0.005, 'units': (64, 32)}",0.1456228010338688,35,0.8063489735967316
LSTM,多输出预测,5,"{'dropout': 0.3, 'epochs': 80, 'lr': 0.005, 'units': (64, 32)}",0.1456228010338688,35,0.8063489735967316
LSTM,多输出预测,5,"{'dropout': 0.2, 'epochs': 60, 'lr': 0.001, 'units': (32, 32)}",0.15930372614583677,37,0.8112217258575004
LSTM,多输出预测,5,"{'dropout': 0.2, 'epochs': 80, 'lr': 0.001, 'units': (32, 32)}",0.15930372614583677,37,0.8112217258575004
LSTM,多输出预测,5,"{'dropout': 0.3, 'epochs': 80, 'lr': 0.001, 'units': (32,)}",0.20389473341783157,39,0.813535736312395
LSTM,多输出预测,5,"{'dropout': 0.3, 'epochs': 60, 'lr': 0.001, 'units': (32,)}",0.20389473341783157,39,0.813535736312395
LSTM,多输出预测,5,"{'dropout': 0.2, 'epochs': 80, 'lr': 0.001, 'units': (32,)}",0.20306288171825798,41,0.8139167715764817
LSTM,多输出预测,5,"{'dropout': 0.2, 'epochs': 60, 'lr': 0.001, 'units': (32,)}",0.20306288171825798,41,0.8139167715764817
LSTM,多输出预测,5,"{'dropout': 0.1, 'epochs': 80, 'lr': 0.001, 'units': (32,)}",0.20698975257941718,43,0.8153820042796242
LSTM,多输出预测,5,"{'dropout': 0.1, 'epochs': 60, 'lr': 0.001, 'units': (32,)}",0.20698975257941718,43,0.8153820042796242
LSTM,多输出预测,5,"{'dropout': 0.3, 'epochs': 60, 'lr': 0.001, 'units': (32, 32)}",0.13520877703136383,45,0.8242461743123504
LSTM,多输出预测,5,"{'dropout': 0.3, 'epochs': 80, 'lr': 0.001, 'units': (32, 32)}",0.13520877703136383,45,0.8242461743123504
LSTM,多输出预测,5,"{'dropout': 0.1, 'epochs': 60, 'lr': 0.001, 'units': (32, 32)}",0.1415496922250689,47,0.8244423678434144
LSTM,多输出预测,5,"{'dropout': 0.1, 'epochs': 80, 'lr': 0.001, 'units': (32, 32)}",0.1415496922250689,47,0.8244423678434144
LSTM,多输出预测,6,"{'dropout': 0.3, 'epochs': 80, 'lr': 0.005, 'units': (32,)}",0.09865654414687453,1,0.7111932410086025
LSTM,多输出预测,6,"{'dropout': 0.3, 'epochs': 60, 'lr': 0.005, 'units': (32,)}",0.09865654414687453,1,0.7111932410086025
LSTM,多输出预测,6,"{'dropout': 0.2, 'epochs': 80, 'lr': 0.005, 'units': (32,)}",0.1366095839114308,3,0.7272626140420173
LSTM,多输出预测,6,"{'dropout': 0.2, 'epochs': 60, 'lr': 0.005, 'units': (32,)}",0.1366095839114308,3,0.7272626140420173
LSTM,多输出预测,6,"{'dropout': 0.3, 'epochs': 60, 'lr': 0.005, 'units': (32, 32)}",0.0931018886588263,5,0.7324562134397185
LSTM,多输出预测,6,"{'dropout': 0.3, 'epochs': 80, 'lr': 0.005, 'units': (32, 32)}",0.0931018886588263,5,0.7324562134397185
LSTM,多输出预测,6,"{'dropout': 0.3, 'epochs': 80, 'lr': 0.005, 'units': (64,)}",0.13680106846357723,7,0.7402048581500159
LSTM,多输出预测,6,"{'dropout': 0.3, 'epochs': 60, 'lr': 0.005, 'units': (64,)}",0.13680106846357723,7,0.7402048581500159
LSTM,多输出预测,6,"{'dropout': 0.2, 'epochs': 60, 'lr': 0.005, 'units': (64,)}",0.14627054861415975,9,0.7408891940225065
LSTM,多输出预测,6,"{'dropout': 0.2, 'epochs': 80, 'lr': 0.005, 'units': (64,)}",0.14627054861415975,9,0.7408891940225065
LSTM,多输出预测,6,"{'dropout': 0.1, 'epochs': 60, 'lr': 0.005, 'units': (64, 32)}",0.1317907016268522,11,0.7485173991692085
LSTM,多输出预测,6,"{'dropout': 0.1, 'epochs': 80, 'lr': 0.005, 'units': (64, 32)}",0.1317907016268522,11,0.7485173991692085
LSTM,多输出预测,6,"{'dropout': 0.1, 'epochs': 80, 'lr': 0.005, 'units': (64,)}",0.12660319436133408,13,0.7507926648766023
LSTM,多输出预测,6,"{'dropout': 0.1, 'epochs': 60, 'lr': 0.005, 'units': (64,)}",0.12660319436133408,13,0.7507926648766023
LSTM,多输出预测,6,"{'dropout': 0.1, 'epochs': 60, 'lr': 0.005, 'units': (32,)}",0.135257303931769,15,0.752814355161155
LSTM,多输出预测,6,"{'dropout': 0.1, 'epochs': 80, 'lr': 0.005, 'units': (32,)}",0.135257303931769,15,0.752814355161155
LSTM,多输出预测,6,"{'dropout': 0.2, 'epochs': 80, 'lr': 0.005, 'units': (32, 32)}",0.11492625956951762,17,0.7594510575176875
LSTM,多输出预测,6,"{'dropout': 0.2, 'epochs': 60, 'lr': 0.005, 'units': (32, 32)}",0.11492625956951762,17,0.7594510575176875
LSTM,多输出预测,6,"{'dropout': 0.2, 'epochs': 60, 'lr': 0.005, 'units': (64, 32)}",0.12736112405511513,19,0.765337553298458
LSTM,多输出预测,6,"{'dropout': 0.2, 'epochs': 80, 'lr': 0.005, 'units': (64, 32)}",0.12736112405511513,19,0.765337553298458
LSTM,多输出预测,6,"{'dropout': 0.3, 'epochs': 60, 'lr': 0.001, 'units': (64, 32)}",0.16124110855791113,21,0.7682654380823791
LSTM,多输出预测,6,"{'dropout': 0.3, 'epochs': 80, 'lr': 0.001, 'units': (64, 32)}",0.16124110855791113,21,0.7682654380823791
LSTM,多输出预测,6,"{'dropout': 0.1, 'epochs': 80, 'lr': 0.005, 'units': (32, 32)}",0.1483608304059102,23,0.7685819589238797
LSTM,多输出预测,6,"{'dropout': 0.1, 'epochs': 60, 'lr': 0.005, 'units': (32, 32)}",0.1483608304059102,23,0.7685819589238797
LSTM,多输出预测,6,"{'dropout': 0.1, 'epochs': 60, 'lr': 0.001, 'units': (64, 32)}",0.14636782710346263,25,0.7720511154300951
LSTM,多输出预测,6,"{'dropout': 0.1, 'epochs': 80, 'lr': 0.001, 'units': (64, 32)}",0.14636782710346263,25,0.7720511154300951
LSTM,多输出预测,6,"{'dropout': 0.2, 'epochs': 80, 'lr': 0.001, 'units': (64, 32)}",0.14804283310819258,27,0.7790206143231168
LSTM,多输出预测,6,"{'dropout': 0.2, 'epochs': 60, 'lr': 0.001, 'units': (64, 32)}",0.14804283310819258,27,0.7790206143231168
LSTM,多输出预测,6,"{'dropout': 0.2, 'epochs': 60, 'lr': 0.001, 'units': (64,)}",0.212053190827597,29,0.7830857314764407
LSTM,多输出预测,6,"{'dropout': 0.2, 'epochs': 80, 'lr': 0.001, 'units': (64,)}",0.212053190827597,29,0.7830857314764407
LSTM,多输出预测,6,"{'dropout': 0.1, 'epochs': 80, 'lr': 0.001, 'units': (64,)}",0.2122927605437176,31,0.7901454485038002
LSTM,多输出预测,6,"{'dropout': 0.1, 'epochs': 60, 'lr': 0.001, 'units': (64,)}",0.2122927605437176,31,0.7901454485038002
LSTM,多输出预测,6,"{'dropout': 0.3, 'epochs': 80, 'lr': 0.001, 'units': (64,)}",0.20961380254377834,33,0.7965115040147323
LSTM,多输出预测,6,"{'dropout': 0.3, 'epochs': 60, 'lr': 0.001, 'units': (64,)}",0.20961380254377834,33,0.7965115040147323
LSTM,多输出预测,6,"{'dropout': 0.3, 'epochs': 60, 'lr': 0.005, 'units': (64, 32)}",0.1456228010338688,35,0.8063489735967316
LSTM,多输出预测,6,"{'dropout': 0.3, 'epochs': 80, 'lr': 0.005, 'units': (64, 32)}",0.1456228010338688,35,0.8063489735967316
LSTM,多输出预测,6,"{'dropout': 0.2, 'epochs': 60, 'lr': 0.001, 'units': (32, 32)}",0.15930372614583677,37,0.8112217258575004
LSTM,多输出预测,6,"{'dropout': 0.2, 'epochs': 80, 'lr': 0.001, 'units': (32, 32)}",0.15930372614583677,37,0.8112217258575004
LSTM,多输出预测,6,"{'dropout': 0.3, 'epochs': 80, 'lr': 0.001, 'units': (32,)}",0.20389473341783157,39,0.813535736312395
LSTM,多输出预测,6,"{'dropout': 0.3, 'epochs': 60, 'lr': 0.001, 'units': (32,)}",0.20389473341783157,39,0.813535736312395
LSTM,多输出预测,6,"{'dropout': 0.2, 'epochs': 80, 'lr': 0.001, 'units': (32,)}",0.20306288171825798,41,0.8139167715764817
LSTM,多输出预测,6,"{'dropout': 0.2, 'epochs': 60, 'lr': 0.001, 'units': (32,)}",0.20306288171825798,41,0.8139167715764817
LSTM,多输出预测,6,"{'dropout': 0.1, 'epochs': 80, 'lr': 0.001, 'units': (32,)}",0.20698975257941718,43,0.8153820042796242
LSTM,多输出预测,6,"{'dropout': 0.1, 'epochs': 60, 'lr': 0.001, 'units': (32,)}",0.20698975257941718,43,0.8153820042796242
LSTM,多输出预测,6,"{'dropout': 0.3, 'epochs': 60, 'lr': 0.001, 'units': (32, 32)}",0.13520877703136383,45,0.8242461743123504
LSTM,多输出预测,6,"{'dropout': 0.3, 'epochs': 80, 'lr': 0.001, 'units': (32, 32)}",0.13520877703136383,45,0.8242461743123504
LSTM,多输出预测,6,"{'dropout': 0.1, 'epochs': 60, 'lr': 0.001, 'units': (32, 32)}",0.1415496922250689,47,0.8244423678434144
LSTM,多输出预测,6,"{'dropout': 0.1, 'epochs': 80, 'lr': 0.001, 'units': (32, 32)}",0.1415496922250689,47,0.8244423678434144
LSTM,多输出预测,7,"{'dropout': 0.3, 'epochs': 80, 'lr': 0.005, 'units': (32,)}",0.09865654414687453,1,0.7111932410086025
LSTM,多输出预测,7,"{'dropout': 0.3, 'epochs': 60, 'lr': 0.005, 'units': (32,)}",0.09865654414687453,1,0.7111932410086025
LSTM,多输出预测,7,"{'dropout': 0.2, 'epochs': 80, 'lr': 0.005, 'units': (32,)}",0.1366095839114308,3,0.7272626140420173
LSTM,多输出预测,7,"{'dropout': 0.2, 'epochs': 60, 'lr': 0.005, 'units': (32,)}",0.1366095839114308,3,0.7272626140420173
LSTM,多输出预测,7,"{'dropout': 0.3, 'epochs': 60, 'lr': 0.005, 'units': (32, 32)}",0.0931018886588263,5,0.7324562134397185
LSTM,多输出预测,7,"{'dropout': 0.3, 'epochs': 80, 'lr': 0.005, 'units': (32, 32)}",0.0931018886588263,5,0.7324562134397185
LSTM,多输出预测,7,"{'dropout': 0.3, 'epochs': 80, 'lr': 0.005, 'units': (64,)}",0.13680106846357723,7,0.7402048581500159
LSTM,多输出预测,7,"{'dropout': 0.3, 'epochs': 60, 'lr': 0.005, 'units': (64,)}",0.13680106846357723,7,0.7402048581500159
LSTM,多输出预测,7,"{'dropout': 0.2, 'epochs': 60, 'lr': 0.005, 'units': (64,)}",0.14627054861415975,9,0.7408891940225065
LSTM,多输出预测,7,"{'dropout': 0.2, 'epochs': 80, 'lr': 0.005, 'units': (64,)}",0.14627054861415975,9,0.7408891940225065
LSTM,多输出预测,7,"{'dropout': 0.1, 'epochs': 60, 'lr': 0.005, 'units': (64, 32)}",0.1317907016268522,11,0.7485173991692085
LSTM,多输出预测,7,"{'dropout': 0.1, 'epochs': 80, 'lr': 0.005, 'units': (64, 32)}",0.1317907016268522,11,0.7485173991692085
LSTM,多输出预测,7,"{'dropout': 0.1, 'epochs': 80, 'lr': 0.005, 'units': (64,)}",0.12660319436133408,13,0.7507926648766023
LSTM,多输出预测,7,"{'dropout': 0.1, 'epochs': 60, 'lr': 0.005, 'units': (64,)}",0.12660319436133408,13,0.7507926648766023
LSTM,多输出预测,7,"{'dropout': 0.1, 'epochs': 60, 'lr': 0.005, 'units': (32,)}",0.135257303931769,15,0.752814355161155
LSTM,多输出预测,7,"{'dropout': 0.1, 'epochs': 80, 'lr': 0.005, 'units': (32,)}",0.135257303931769,15,0.752814355161155
LSTM,多输出预测,7,"{'dropout': 0.2, 'epochs': 80, 'lr': 0.005, 'units': (32, 32)}",0.11492625956951762,17,0.7594510575176875
LSTM,多输出预测,7,"{'dropout': 0.2, 'epochs': 60, 'lr': 0.005, 'units': (32, 32)}",0.11492625956951762,17,0.7594510575176875
LSTM,多输出预测,7,"{'dropout': 0.2, 'epochs': 60, 'lr': 0.005, 'units': (64, 32)}",0.12736112405511513,19,0.765337553298458
LSTM,多输出预测,7,"{'dropout': 0.2, 'epochs': 80, 'lr': 0.005, 'units': (64, 32)}",0.12736112405511513,19,0.765337553298458
LSTM,多输出预测,7,"{'dropout': 0.3, 'epochs': 60, 'lr': 0.001, 'units': (64, 32)}",0.16124110855791113,21,0.7682654380823791
LSTM,多输出预测,7,"{'dropout': 0.3, 'epochs': 80, 'lr': 0.001, 'units': (64, 32)}",0.16124110855791113,21,0.7682654380823791
LSTM,多输出预测,7,"{'dropout': 0.1, 'epochs': 80, 'lr': 0.005, 'units': (32, 32)}",0.1483608304059102,23,0.7685819589238797
LSTM,多输出预测,7,"{'dropout': 0.1, 'epochs': 60, 'lr': 0.005, 'units': (32, 32)}",0.1483608304059102,23,0.7685819589238797
LSTM,多输出预测,7,"{'dropout': 0.1, 'epochs': 60, 'lr': 0.001, 'units': (64, 32)}",0.14636782710346263,25,0.7720511154300951
LSTM,多输出预测,7,"{'dropout': 0.1, 'epochs': 80, 'lr': 0.001, 'units': (64, 32)}",0.14636782710346263,25,0.7720511154300951
LSTM,多输出预测,7,"{'dropout': 0.2, 'epochs': 80, 'lr': 0.001, 'units': (64, 32)}",0.14804283310819258,27,0.7790206143231168
LSTM,多输出预测,7,"{'dropout': 0.2, 'epochs': 60, 'lr': 0.001, 'units': (64, 32)}",0.14804283310819258,27,0.7790206143231168
LSTM,多输出预测,7,"{'dropout': 0.2, 'epochs': 60, 'lr': 0.001, 'units': (64,)}",0.212053190827597,29,0.7830857314764407
LSTM,多输出预测,7,"{'dropout': 0.2, 'epochs': 80, 'lr': 0.001, 'units': (64,)}",0.212053190827597,29,0.7830857314764407
LSTM,多输出预测,7,"{'dropout': 0.1, 'epochs': 80, 'lr': 0.001, 'units': (64,)}",0.2122927605437176,31,0.7901454485038002
LSTM,多输出预测,7,"{'dropout': 0.1, 'epochs': 60, 'lr': 0.001, 'units': (64,)}",0.2122927605437176,31,0.7901454485038002
LSTM,多输出预测,7,"{'dropout': 0.3, 'epochs': 80, 'lr': 0.001, 'units': (64,)}",0.20961380254377834,33,0.7965115040147323
LSTM,多输出预测,7,"{'dropout': 0.3, 'epochs': 60, 'lr': 0.001, 'units': (64,)}",0.20961380254377834,33,0.7965115040147323
LSTM,多输出预测,7,"{'dropout': 0.3, 'epochs': 60, 'lr': 0.005, 'units': (64, 32)}",0.1456228010338688,35,0.8063489735967316
LSTM,多输出预测,7,"{'dropout': 0.3, 'epochs': 80, 'lr': 0.005, 'units': (64, 32)}",0.1456228010338688,35,0.8063489735967316
LSTM,多输出预测,7,"{'dropout': 0.2, 'epochs': 60, 'lr': 0.001, 'units': (32, 32)}",0.15930372614583677,37,0.8112217258575004
LSTM,多输出预测,7,"{'dropout': 0.2, 'epochs': 80, 'lr': 0.001, 'units': (32, 32)}",0.15930372614583677,37,0.8112217258575004
LSTM,多输出预测,7,"{'dropout': 0.3, 'epochs': 80, 'lr': 0.001, 'units': (32,)}",0.20389473341783157,39,0.813535736312395
LSTM,多输出预测,7,"{'dropout': 0.3, 'epochs': 60, 'lr': 0.001, 'units': (32,)}",0.20389473341783157,39,0.813535736312395
LSTM,多输出预测,7,"{'dropout': 0.2, 'epochs': 80, 'lr': 0.001, 'units': (32,)}",0.20306288171825798,41,0.8139167715764817
LSTM,多输出预测,7,"{'dropout': 0.2, 'epochs': 60, 'lr': 0.001, 'units': (32,)}",0.20306288171825798,41,0.8139167715764817
LSTM,多输出预测,7,"{'dropout': 0.1, 'epochs': 80, 'lr': 0.001, 'units': (32,)}",0.20698975257941718,43,0.8153820042796242
LSTM,多输出预测,7,"{'dropout': 0.1, 'epochs': 60, 'lr': 0.001, 'units': (32,)}",0.20698975257941718,43,0.8153820042796242
LSTM,多输出预测,7,"{'dropout': 0.3, 'epochs': 60, 'lr': 0.001, 'units': (32, 32)}",0.13520877703136383,45,0.8242461743123504
LSTM,多输出预测,7,"{'dropout': 0.3, 'epochs': 80, 'lr': 0.001, 'units': (32, 32)}",0.13520877703136383,45,0.8242461743123504
LSTM,多输出预测,7,"{'dropout': 0.1, 'epochs': 60, 'lr': 0.001, 'units': (32, 32)}",0.1415496922250689,47,0.8244423678434144
LSTM,多输出预测,7,"{'dropout': 0.1, 'epochs': 80, 'lr': 0.001, 'units': (32, 32)}",0.1415496922250689,47,0.8244423678434144
